source,category,activity,confidence,last_updated,name,intention,first_seen,metadata,tor,rdns_parent,link,org,os,asn,rdns
,activity,,low,2018-07-30T04:49:37Z,SMB_SCANNER_LOW,,2018-07-30T04:49:37Z,"{u'datacenter': u'', u'tor': False, u'rdns_parent': u'', u'link': u'', u'org': u'PT TELKOM INDONESIA', u'os': u'', u'asn': u'AS7713', u'rdns': u''}",,,,,,,
36.65.75.118,NO ACTIVITY,,,,,,,,,,,,,,
,worm,,high,2019-06-27T05:19:48Z,ETERNALBLUE,malicious,2019-06-24T05:50:13Z,"{u'datacenter': u'', u'tor': False, u'rdns_parent': u'', u'link': u'Ethernet or modem', u'org': u'PT TELKOM INDONESIA', u'os': u'Windows 7/8', u'asn': u'AS17974', u'rdns': u''}",,,,,,,
,worm,,low,2019-06-27T05:19:38Z,SMB_SCANNER_HIGH,,2019-05-13T07:23:05Z,"{u'datacenter': u'', u'tor': False, u'rdns_parent': u'', u'link': u'Ethernet or modem', u'org': u'PT TELKOM INDONESIA', u'os': u'Windows 7/8', u'asn': u'AS17974', u'rdns': u''}",,,,,,,
,worm,,low,2019-06-26T06:48:09Z,SMB_SCANNER_HIGH,,2019-05-13T07:23:05Z,"{u'datacenter': u'', u'tor': False, u'rdns_parent': u'', u'link': u'Ethernet or modem', u'org': u'PT TELKOM INDONESIA', u'os': u'Windows 7/8', u'asn': u'AS17974', u'rdns': u''}",,,,,,,
,worm,,low,2019-06-26T01:34:15Z,SMB_SCANNER_HIGH,,2019-05-13T07:23:05Z,"{u'datacenter': u'', u'tor': False, u'rdns_parent': u'', u'link': u'Ethernet or modem', u'org': u'PT TELKOM INDONESIA', u'os': u'Windows 7/8', u'asn': u'AS17974', u'rdns': u''}",,,,,,,
,worm,,low,2019-06-25T03:22:54Z,SMB_SCANNER_HIGH,,2019-05-13T07:23:05Z,"{u'datacenter': u'', u'tor': False, u'rdns_parent': u'', u'link': u'Ethernet or modem', u'org': u'PT TELKOM INDONESIA', u'os': u'Windows 7/8', u'asn': u'AS17974', u'rdns': u''}",,,,,,,
,worm,,high,2019-06-25T01:53:05Z,ETERNALBLUE,malicious,2019-06-24T05:50:13Z,"{u'datacenter': u'', u'tor': False, u'rdns_parent': u'', u'link': u'Ethernet or modem', u'org': u'PT TELKOM INDONESIA', u'os': u'Windows 7/8', u'asn': u'AS17974', u'rdns': u''}",,,,,,,
,worm,,high,2019-06-24T06:06:20Z,EQUATIONGROUP_ETERNAL_MS17_010,malicious,2019-05-17T05:09:00Z,"{u'datacenter': u'', u'tor': False, u'rdns_parent': u'', u'link': u'Ethernet or modem', u'org': u'PT TELKOM INDONESIA', u'os': u'Windows 7/8', u'asn': u'AS17974', u'rdns': u''}",,,,,,,
,worm,,low,2019-06-24T06:06:10Z,SMB_SCANNER_HIGH,,2019-05-13T07:23:05Z,"{u'datacenter': u'', u'tor': False, u'rdns_parent': u'', u'link': u'Ethernet or modem', u'org': u'PT TELKOM INDONESIA', u'os': u'Windows 7/8', u'asn': u'AS17974', u'rdns': u''}",,,,,,,
,worm,,high,2019-06-24T06:06:07Z,ETERNAL_MS17_010,malicious,2019-05-17T05:08:47Z,"{u'datacenter': u'', u'tor': False, u'rdns_parent': u'', u'link': u'Ethernet or modem', u'org': u'PT TELKOM INDONESIA', u'os': u'Windows 7/8', u'asn': u'AS17974', u'rdns': u''}",,,,,,,
,activity,,high,2019-06-24T05:50:16Z,SMB_SCANNER_HIGH,,2019-04-08T05:31:03Z,"{u'datacenter': u'', u'tor': False, u'rdns_parent': u'', u'link': u'Ethernet or modem', u'org': u'PT TELKOM INDONESIA', u'os': u'Windows 7/8', u'asn': u'AS17974', u'rdns': u''}",,,,,,,
,worm,,low,2019-06-24T02:08:36Z,LOOKS_LIKE_ETERNALBLUE,malicious,2019-05-13T07:23:05Z,"{u'datacenter': u'', u'tor': False, u'rdns_parent': u'', u'link': u'Ethernet or modem', u'org': u'PT TELKOM INDONESIA', u'os': u'Windows 7/8', u'asn': u'AS17974', u'rdns': u''}",,,,,,,
,worm,,high,2019-06-21T06:35:23Z,EQUATIONGROUP_ETERNAL_MS17_010,malicious,2019-05-17T05:09:00Z,"{u'datacenter': u'', u'tor': False, u'rdns_parent': u'', u'link': u'Ethernet or modem', u'org': u'PT TELKOM INDONESIA', u'os': u'Windows 7/8', u'asn': u'AS17974', u'rdns': u''}",,,,,,,
,worm,,low,2019-06-21T06:35:13Z,SMB_SCANNER_HIGH,,2019-05-13T07:23:05Z,"{u'datacenter': u'', u'tor': False, u'rdns_parent': u'', u'link': u'Ethernet or modem', u'org': u'PT TELKOM INDONESIA', u'os': u'Windows 7/8', u'asn': u'AS17974', u'rdns': u''}",,,,,,,
,worm,,high,2019-06-21T06:35:09Z,ETERNAL_MS17_010,malicious,2019-05-17T05:08:47Z,"{u'datacenter': u'', u'tor': False, u'rdns_parent': u'', u'link': u'Ethernet or modem', u'org': u'PT TELKOM INDONESIA', u'os': u'Windows 7/8', u'asn': u'AS17974', u'rdns': u''}",,,,,,,
,worm,,low,2019-06-19T01:33:38Z,SMB_SCANNER_HIGH,,2019-05-13T07:23:05Z,"{u'datacenter': u'', u'tor': False, u'rdns_parent': u'', u'link': u'Ethernet or modem', u'org': u'PT TELKOM INDONESIA', u'os': u'Windows 7/8', u'asn': u'AS17974', u'rdns': u''}",,,,,,,
,activity,,low,2019-06-18T05:35:30Z,SMB_SCANNER_LOW,,2019-05-13T03:49:50Z,"{u'datacenter': u'', u'tor': False, u'rdns_parent': u'', u'link': u'Ethernet or modem', u'org': u'PT TELKOM INDONESIA', u'os': u'Windows 7/8', u'asn': u'AS17974', u'rdns': u''}",,,,,,,
,worm,,low,2019-06-13T01:34:45Z,SMB_SCANNER_HIGH,,2019-05-13T07:23:05Z,"{u'datacenter': u'', u'tor': False, u'rdns_parent': u'', u'link': u'Ethernet or modem', u'org': u'PT TELKOM INDONESIA', u'os': u'Windows 7/8', u'asn': u'AS17974', u'rdns': u''}",,,,,,,
,worm,,low,2019-06-12T08:52:16Z,SMB_SCANNER_HIGH,,2019-05-13T07:23:05Z,"{u'datacenter': u'', u'tor': False, u'rdns_parent': u'', u'link': u'Ethernet or modem', u'org': u'PT TELKOM INDONESIA', u'os': u'Windows 7/8', u'asn': u'AS17974', u'rdns': u''}",,,,,,,
,worm,,high,2019-06-12T08:25:30Z,EQUATIONGROUP_ETERNAL_MS17_010,malicious,2019-05-17T05:09:00Z,"{u'datacenter': u'', u'tor': False, u'rdns_parent': u'', u'link': u'Ethernet or modem', u'org': u'PT TELKOM INDONESIA', u'os': u'Windows 7/8', u'asn': u'AS17974', u'rdns': u''}",,,,,,,
,worm,,high,2019-06-12T08:25:17Z,ETERNAL_MS17_010,malicious,2019-05-17T05:08:47Z,"{u'datacenter': u'', u'tor': False, u'rdns_parent': u'', u'link': u'Ethernet or modem', u'org': u'PT TELKOM INDONESIA', u'os': u'Windows 7/8', u'asn': u'AS17974', u'rdns': u''}",,,,,,,
,worm,,low,2019-06-11T04:55:13Z,SMB_SCANNER_HIGH,,2019-05-13T07:23:05Z,"{u'datacenter': u'', u'tor': False, u'rdns_parent': u'', u'link': u'Ethernet or modem', u'org': u'PT TELKOM INDONESIA', u'os': u'Windows 7/8', u'asn': u'AS17974', u'rdns': u''}",,,,,,,
,worm,,high,2019-06-10T05:51:14Z,EQUATIONGROUP_ETERNAL_MS17_010,malicious,2019-05-17T05:09:00Z,"{u'datacenter': u'', u'tor': False, u'rdns_parent': u'', u'link': u'', u'org': u'', u'os': u'', u'asn': u'', u'rdns': u''}",,,,,,,
,activity,,high,2019-06-10T05:51:04Z,SMB_SCANNER_HIGH,,2019-04-08T05:31:03Z,"{u'datacenter': u'', u'tor': False, u'rdns_parent': u'', u'link': u'', u'org': u'', u'os': u'', u'asn': u'', u'rdns': u''}",,,,,,,
,worm,,high,2019-06-10T05:51:01Z,ETERNAL_MS17_010,malicious,2019-05-17T05:08:47Z,"{u'datacenter': u'', u'tor': False, u'rdns_parent': u'', u'link': u'', u'org': u'', u'os': u'', u'asn': u'', u'rdns': u''}",,,,,,,
,worm,,high,2019-06-10T05:30:42Z,EQUATIONGROUP_ETERNAL_MS17_010,malicious,2019-05-17T05:09:00Z,"{u'datacenter': u'', u'tor': False, u'rdns_parent': u'', u'link': u'', u'org': u'', u'os': u'', u'asn': u'', u'rdns': u''}",,,,,,,
,worm,,high,2019-06-10T05:30:29Z,ETERNAL_MS17_010,malicious,2019-05-17T05:08:47Z,"{u'datacenter': u'', u'tor': False, u'rdns_parent': u'', u'link': u'', u'org': u'', u'os': u'', u'asn': u'', u'rdns': u''}",,,,,,,
,worm,,high,2019-06-10T02:59:42Z,EQUATIONGROUP_ETERNAL_MS17_010,malicious,2019-05-17T05:09:00Z,"{u'datacenter': u'', u'tor': False, u'rdns_parent': u'', u'link': u'', u'org': u'', u'os': u'', u'asn': u'', u'rdns': u''}",,,,,,,
,activity,,low,2019-06-10T02:59:31Z,SMB_SCANNER_LOW,,2019-05-13T03:49:50Z,"{u'datacenter': u'', u'tor': False, u'rdns_parent': u'', u'link': u'', u'org': u'', u'os': u'', u'asn': u'', u'rdns': u''}",,,,,,,
,worm,,high,2019-06-10T02:59:28Z,ETERNAL_MS17_010,malicious,2019-05-17T05:08:47Z,"{u'datacenter': u'', u'tor': False, u'rdns_parent': u'', u'link': u'', u'org': u'', u'os': u'', u'asn': u'', u'rdns': u''}",,,,,,,
,worm,,high,2019-05-31T10:34:30Z,EQUATIONGROUP_ETERNAL_MS17_010,malicious,2019-05-17T05:09:00Z,"{u'datacenter': u'', u'tor': False, u'rdns_parent': u'', u'link': u'Ethernet or modem', u'org': u'PT TELKOM INDONESIA', u'os': u'Windows 7/8', u'asn': u'AS17974', u'rdns': u''}",,,,,,,
,worm,,low,2019-05-31T10:34:19Z,SMB_SCANNER_HIGH,,2019-05-13T07:23:05Z,"{u'datacenter': u'', u'tor': False, u'rdns_parent': u'', u'link': u'Ethernet or modem', u'org': u'PT TELKOM INDONESIA', u'os': u'Windows 7/8', u'asn': u'AS17974', u'rdns': u''}",,,,,,,
,worm,,high,2019-05-31T10:34:16Z,ETERNAL_MS17_010,malicious,2019-05-17T05:08:47Z,"{u'datacenter': u'', u'tor': False, u'rdns_parent': u'', u'link': u'Ethernet or modem', u'org': u'PT TELKOM INDONESIA', u'os': u'Windows 7/8', u'asn': u'AS17974', u'rdns': u''}",,,,,,,
,worm,,high,2019-05-31T04:20:50Z,EQUATIONGROUP_ETERNAL_MS17_010,malicious,2019-05-17T05:09:00Z,"{u'datacenter': u'', u'tor': False, u'rdns_parent': u'', u'link': u'Ethernet or modem', u'org': u'PT TELKOM INDONESIA', u'os': u'Windows 7/8', u'asn': u'AS17974', u'rdns': u''}",,,,,,,
,worm,,low,2019-05-31T04:20:40Z,SMB_SCANNER_HIGH,,2019-05-13T07:23:05Z,"{u'datacenter': u'', u'tor': False, u'rdns_parent': u'', u'link': u'Ethernet or modem', u'org': u'PT TELKOM INDONESIA', u'os': u'Windows 7/8', u'asn': u'AS17974', u'rdns': u''}",,,,,,,
,worm,,high,2019-05-31T04:20:37Z,ETERNAL_MS17_010,malicious,2019-05-17T05:08:47Z,"{u'datacenter': u'', u'tor': False, u'rdns_parent': u'', u'link': u'Ethernet or modem', u'org': u'PT TELKOM INDONESIA', u'os': u'Windows 7/8', u'asn': u'AS17974', u'rdns': u''}",,,,,,,
,worm,,high,2019-05-31T02:47:21Z,EQUATIONGROUP_ETERNAL_MS17_010,malicious,2019-05-17T05:09:00Z,"{u'datacenter': u'', u'tor': False, u'rdns_parent': u'', u'link': u'Ethernet or modem', u'org': u'PT TELKOM INDONESIA', u'os': u'Windows 7/8', u'asn': u'AS17974', u'rdns': u''}",,,,,,,
,activity,,high,2019-05-31T02:47:11Z,SMB_SCANNER_HIGH,,2019-04-08T05:31:03Z,"{u'datacenter': u'', u'tor': False, u'rdns_parent': u'', u'link': u'Ethernet or modem', u'org': u'PT TELKOM INDONESIA', u'os': u'Windows 7/8', u'asn': u'AS17974', u'rdns': u''}",,,,,,,
,worm,,high,2019-05-31T02:47:08Z,ETERNAL_MS17_010,malicious,2019-05-17T05:08:47Z,"{u'datacenter': u'', u'tor': False, u'rdns_parent': u'', u'link': u'Ethernet or modem', u'org': u'PT TELKOM INDONESIA', u'os': u'Windows 7/8', u'asn': u'AS17974', u'rdns': u''}",,,,,,,
,worm,,high,2019-05-28T06:32:52Z,EQUATIONGROUP_ETERNAL_MS17_010,malicious,2019-05-17T05:09:00Z,"{u'datacenter': u'', u'tor': False, u'rdns_parent': u'', u'link': u'Ethernet or modem', u'org': u'PT TELKOM INDONESIA', u'os': u'Windows 7/8', u'asn': u'AS17974', u'rdns': u''}",,,,,,,
,worm,,low,2019-05-28T06:32:42Z,SMB_SCANNER_HIGH,,2019-05-13T07:23:05Z,"{u'datacenter': u'', u'tor': False, u'rdns_parent': u'', u'link': u'Ethernet or modem', u'org': u'PT TELKOM INDONESIA', u'os': u'Windows 7/8', u'asn': u'AS17974', u'rdns': u''}",,,,,,,
,worm,,high,2019-05-28T06:32:39Z,ETERNAL_MS17_010,malicious,2019-05-17T05:08:47Z,"{u'datacenter': u'', u'tor': False, u'rdns_parent': u'', u'link': u'Ethernet or modem', u'org': u'PT TELKOM INDONESIA', u'os': u'Windows 7/8', u'asn': u'AS17974', u'rdns': u''}",,,,,,,
,worm,,high,2019-05-28T05:45:00Z,EQUATIONGROUP_ETERNAL_MS17_010,malicious,2019-05-17T05:09:00Z,"{u'datacenter': u'', u'tor': False, u'rdns_parent': u'', u'link': u'Ethernet or modem', u'org': u'PT TELKOM INDONESIA', u'os': u'Windows 7/8', u'asn': u'AS17974', u'rdns': u''}",,,,,,,
,activity,,low,2019-05-28T05:44:50Z,SMB_SCANNER_LOW,,2019-05-13T03:49:50Z,"{u'datacenter': u'', u'tor': False, u'rdns_parent': u'', u'link': u'Ethernet or modem', u'org': u'PT TELKOM INDONESIA', u'os': u'Windows 7/8', u'asn': u'AS17974', u'rdns': u''}",,,,,,,
,worm,,high,2019-05-28T05:44:47Z,ETERNAL_MS17_010,malicious,2019-05-17T05:08:47Z,"{u'datacenter': u'', u'tor': False, u'rdns_parent': u'', u'link': u'Ethernet or modem', u'org': u'PT TELKOM INDONESIA', u'os': u'Windows 7/8', u'asn': u'AS17974', u'rdns': u''}",,,,,,,
,worm,,high,2019-05-22T07:54:47Z,EQUATIONGROUP_ETERNAL_MS17_010,malicious,2019-05-17T05:09:00Z,"{u'datacenter': u'', u'tor': False, u'rdns_parent': u'', u'link': u'Ethernet or modem', u'org': u'PT TELKOM INDONESIA', u'os': u'Windows 7/8', u'asn': u'AS17974', u'rdns': u''}",,,,,,,
,worm,,low,2019-05-22T07:54:37Z,SMB_SCANNER_HIGH,,2019-05-13T07:23:05Z,"{u'datacenter': u'', u'tor': False, u'rdns_parent': u'', u'link': u'Ethernet or modem', u'org': u'PT TELKOM INDONESIA', u'os': u'Windows 7/8', u'asn': u'AS17974', u'rdns': u''}",,,,,,,
,worm,,high,2019-05-22T07:54:34Z,ETERNAL_MS17_010,malicious,2019-05-17T05:08:47Z,"{u'datacenter': u'', u'tor': False, u'rdns_parent': u'', u'link': u'Ethernet or modem', u'org': u'PT TELKOM INDONESIA', u'os': u'Windows 7/8', u'asn': u'AS17974', u'rdns': u''}",,,,,,,
,activity,,high,2019-05-22T07:34:26Z,SMB_SCANNER_HIGH,,2019-04-08T05:31:03Z,"{u'datacenter': u'', u'tor': False, u'rdns_parent': u'', u'link': u'Ethernet or modem', u'org': u'PT TELKOM INDONESIA', u'os': u'Windows 7/8', u'asn': u'AS17974', u'rdns': u''}",,,,,,,
,worm,,high,2019-05-22T04:39:56Z,EQUATIONGROUP_ETERNAL_MS17_010,malicious,2019-05-17T05:09:00Z,"{u'datacenter': u'', u'tor': False, u'rdns_parent': u'', u'link': u'Ethernet or modem', u'org': u'PT TELKOM INDONESIA', u'os': u'Windows 7/8', u'asn': u'AS17974', u'rdns': u''}",,,,,,,
,activity,,low,2019-05-22T04:39:46Z,SMB_SCANNER_LOW,,2019-05-13T03:49:50Z,"{u'datacenter': u'', u'tor': False, u'rdns_parent': u'', u'link': u'Ethernet or modem', u'org': u'PT TELKOM INDONESIA', u'os': u'Windows 7/8', u'asn': u'AS17974', u'rdns': u''}",,,,,,,
,worm,,high,2019-05-22T04:39:43Z,ETERNAL_MS17_010,malicious,2019-05-17T05:08:47Z,"{u'datacenter': u'', u'tor': False, u'rdns_parent': u'', u'link': u'Ethernet or modem', u'org': u'PT TELKOM INDONESIA', u'os': u'Windows 7/8', u'asn': u'AS17974', u'rdns': u''}",,,,,,,
,worm,,low,2019-05-16T10:02:40Z,SMB_SCANNER_HIGH,,2019-05-13T07:23:05Z,"{u'datacenter': u'', u'tor': False, u'rdns_parent': u'', u'link': u'Ethernet or modem', u'org': u'PT TELKOM INDONESIA', u'os': u'Windows 7/8', u'asn': u'AS17974', u'rdns': u''}",,,,,,,
,worm,,low,2019-05-16T08:17:01Z,SMB_SCANNER_HIGH,,2019-05-13T07:23:05Z,"{u'datacenter': u'', u'tor': False, u'rdns_parent': u'', u'link': u'Ethernet or modem', u'org': u'PT TELKOM INDONESIA', u'os': u'Windows 7/8', u'asn': u'AS17974', u'rdns': u''}",,,,,,,
,worm,,low,2019-05-16T07:30:57Z,SMB_SCANNER_HIGH,,2019-05-13T07:23:05Z,"{u'datacenter': u'', u'tor': False, u'rdns_parent': u'', u'link': u'Ethernet or modem', u'org': u'PT TELKOM INDONESIA', u'os': u'Windows 7/8', u'asn': u'AS17974', u'rdns': u''}",,,,,,,
,worm,,low,2019-05-15T07:27:15Z,SMB_SCANNER_HIGH,,2019-05-13T07:23:05Z,"{u'datacenter': u'', u'tor': False, u'rdns_parent': u'', u'link': u'Ethernet or modem', u'org': u'PT TELKOM INDONESIA', u'os': u'Windows 7/8', u'asn': u'AS17974', u'rdns': u''}",,,,,,,
,worm,,low,2019-05-15T04:48:23Z,SMB_SCANNER_HIGH,,2019-05-13T07:23:05Z,"{u'datacenter': u'', u'tor': False, u'rdns_parent': u'', u'link': u'Ethernet or modem', u'org': u'PT TELKOM INDONESIA', u'os': u'Windows 7/8', u'asn': u'AS17974', u'rdns': u''}",,,,,,,
,worm,,high,2019-05-13T07:23:29Z,EQUATIONGROUP_ETERNAL_MS17_010,malicious,2019-05-13T03:50:14Z,"{u'datacenter': u'', u'tor': False, u'rdns_parent': u'', u'link': u'Ethernet or modem', u'org': u'PT TELKOM INDONESIA', u'os': u'Windows 7/8', u'asn': u'AS17974', u'rdns': u''}",,,,,,,
,activity,,low,2019-05-13T07:23:19Z,SMB_SCANNER_LOW,,2019-05-13T03:49:50Z,"{u'datacenter': u'', u'tor': False, u'rdns_parent': u'', u'link': u'Ethernet or modem', u'org': u'PT TELKOM INDONESIA', u'os': u'Windows 7/8', u'asn': u'AS17974', u'rdns': u''}",,,,,,,
,worm,,high,2019-05-13T07:23:16Z,ETERNAL_MS17_010,malicious,2019-05-13T03:50:01Z,"{u'datacenter': u'', u'tor': False, u'rdns_parent': u'', u'link': u'Ethernet or modem', u'org': u'PT TELKOM INDONESIA', u'os': u'Windows 7/8', u'asn': u'AS17974', u'rdns': u''}",,,,,,,
,worm,,high,2019-05-13T03:50:14Z,EQUATIONGROUP_ETERNAL_MS17_010,malicious,2019-05-13T03:50:14Z,"{u'datacenter': u'', u'tor': False, u'rdns_parent': u'', u'link': u'Ethernet or modem', u'org': u'PT TELKOM INDONESIA', u'os': u'Windows 7/8', u'asn': u'AS17974', u'rdns': u''}",,,,,,,
,activity,,low,2019-05-13T03:50:04Z,SMB_SCANNER_LOW,,2019-05-13T03:49:50Z,"{u'datacenter': u'', u'tor': False, u'rdns_parent': u'', u'link': u'Ethernet or modem', u'org': u'PT TELKOM INDONESIA', u'os': u'Windows 7/8', u'asn': u'AS17974', u'rdns': u''}",,,,,,,
,worm,,high,2019-05-13T03:50:01Z,ETERNAL_MS17_010,malicious,2019-05-13T03:50:01Z,"{u'datacenter': u'', u'tor': False, u'rdns_parent': u'', u'link': u'Ethernet or modem', u'org': u'PT TELKOM INDONESIA', u'os': u'Windows 7/8', u'asn': u'AS17974', u'rdns': u''}",,,,,,,
,activity,,low,2019-05-09T09:04:26Z,SMB_SCANNER_LOW,,2019-05-09T09:04:26Z,"{u'datacenter': u'', u'tor': False, u'rdns_parent': u'', u'link': u'Ethernet or modem', u'org': u'PT TELKOM INDONESIA', u'os': u'Windows 7/8', u'asn': u'AS17974', u'rdns': u''}",,,,,,,
,worm,,high,2019-05-02T05:08:50Z,EQUATIONGROUP_ETERNAL_MS17_010,malicious,2019-05-02T05:08:50Z,"{u'datacenter': u'', u'tor': False, u'rdns_parent': u'', u'link': u'Ethernet or modem', u'org': u'PT TELKOM INDONESIA', u'os': u'Windows 7/8', u'asn': u'AS17974', u'rdns': u''}",,,,,,,
,worm,,low,2019-05-02T05:08:40Z,SMB_SCANNER_HIGH,,2019-04-29T00:58:30Z,"{u'datacenter': u'', u'tor': False, u'rdns_parent': u'', u'link': u'Ethernet or modem', u'org': u'PT TELKOM INDONESIA', u'os': u'Windows 7/8', u'asn': u'AS17974', u'rdns': u''}",,,,,,,
,worm,,high,2019-05-02T05:08:36Z,ETERNAL_MS17_010,malicious,2019-05-02T05:08:36Z,"{u'datacenter': u'', u'tor': False, u'rdns_parent': u'', u'link': u'Ethernet or modem', u'org': u'PT TELKOM INDONESIA', u'os': u'Windows 7/8', u'asn': u'AS17974', u'rdns': u''}",,,,,,,
,worm,,low,2019-05-01T03:42:11Z,SMB_SCANNER_HIGH,,2019-04-29T00:58:30Z,"{u'datacenter': u'', u'tor': False, u'rdns_parent': u'', u'link': u'Ethernet or modem', u'org': u'PT TELKOM INDONESIA', u'os': u'Windows 7/8', u'asn': u'AS17974', u'rdns': u''}",,,,,,,
,activity,,low,2019-05-01T03:27:37Z,SMB_SCANNER_LOW,,2019-04-29T00:58:30Z,"{u'datacenter': u'', u'tor': False, u'rdns_parent': u'', u'link': u'Ethernet or modem', u'org': u'PT TELKOM INDONESIA', u'os': u'Windows 7/8', u'asn': u'AS17974', u'rdns': u''}",,,,,,,
,worm,,high,2019-04-29T03:17:12Z,EQUATIONGROUP_ETERNAL_MS17_010,malicious,2019-04-29T00:58:57Z,"{u'datacenter': u'', u'tor': False, u'rdns_parent': u'', u'link': u'Ethernet or modem', u'org': u'PT TELKOM INDONESIA', u'os': u'Windows 7/8', u'asn': u'AS17974', u'rdns': u''}",,,,,,,
,worm,,low,2019-04-29T03:17:01Z,SMB_SCANNER_HIGH,,2019-04-29T00:58:30Z,"{u'datacenter': u'', u'tor': False, u'rdns_parent': u'', u'link': u'Ethernet or modem', u'org': u'PT TELKOM INDONESIA', u'os': u'Windows 7/8', u'asn': u'AS17974', u'rdns': u''}",,,,,,,
,worm,,high,2019-04-29T03:16:58Z,ETERNAL_MS17_010,malicious,2019-04-29T00:58:40Z,"{u'datacenter': u'', u'tor': False, u'rdns_parent': u'', u'link': u'Ethernet or modem', u'org': u'PT TELKOM INDONESIA', u'os': u'Windows 7/8', u'asn': u'AS17974', u'rdns': u''}",,,,,,,
,worm,,high,2019-04-29T02:38:18Z,EQUATIONGROUP_ETERNAL_MS17_010,malicious,2019-04-29T00:58:57Z,"{u'datacenter': u'', u'tor': False, u'rdns_parent': u'', u'link': u'Ethernet or modem', u'org': u'PT TELKOM INDONESIA', u'os': u'Windows 7/8', u'asn': u'AS17974', u'rdns': u''}",,,,,,,
,worm,,low,2019-04-29T02:38:08Z,SMB_SCANNER_HIGH,,2019-04-29T00:58:30Z,"{u'datacenter': u'', u'tor': False, u'rdns_parent': u'', u'link': u'Ethernet or modem', u'org': u'PT TELKOM INDONESIA', u'os': u'Windows 7/8', u'asn': u'AS17974', u'rdns': u''}",,,,,,,
,worm,,high,2019-04-29T02:38:04Z,ETERNAL_MS17_010,malicious,2019-04-29T00:58:40Z,"{u'datacenter': u'', u'tor': False, u'rdns_parent': u'', u'link': u'Ethernet or modem', u'org': u'PT TELKOM INDONESIA', u'os': u'Windows 7/8', u'asn': u'AS17974', u'rdns': u''}",,,,,,,
,worm,,high,2019-04-29T00:58:57Z,EQUATIONGROUP_ETERNAL_MS17_010,malicious,2019-04-29T00:58:57Z,"{u'datacenter': u'', u'tor': False, u'rdns_parent': u'', u'link': u'Ethernet or modem', u'org': u'PT TELKOM INDONESIA', u'os': u'Windows 7/8', u'asn': u'AS17974', u'rdns': u''}",,,,,,,
,activity,,low,2019-04-29T00:58:46Z,SMB_SCANNER_LOW,,2019-04-29T00:58:30Z,"{u'datacenter': u'', u'tor': False, u'rdns_parent': u'', u'link': u'Ethernet or modem', u'org': u'PT TELKOM INDONESIA', u'os': u'Windows 7/8', u'asn': u'AS17974', u'rdns': u''}",,,,,,,
,worm,,high,2019-04-29T00:58:40Z,ETERNAL_MS17_010,malicious,2019-04-29T00:58:40Z,"{u'datacenter': u'', u'tor': False, u'rdns_parent': u'', u'link': u'Ethernet or modem', u'org': u'PT TELKOM INDONESIA', u'os': u'Windows 7/8', u'asn': u'AS17974', u'rdns': u''}",,,,,,,
,worm,,low,2019-04-24T04:18:05Z,SMB_SCANNER_HIGH,,2019-04-22T07:23:56Z,"{u'datacenter': u'', u'tor': False, u'rdns_parent': u'', u'link': u'Ethernet or modem', u'org': u'PT TELKOM INDONESIA', u'os': u'Windows 7/8', u'asn': u'AS17974', u'rdns': u''}",,,,,,,
,worm,,low,2019-04-24T02:35:33Z,SMB_SCANNER_HIGH,,2019-04-22T07:23:56Z,"{u'datacenter': u'', u'tor': False, u'rdns_parent': u'', u'link': u'Ethernet or modem', u'org': u'PT TELKOM INDONESIA', u'os': u'Windows 7/8', u'asn': u'AS17974', u'rdns': u''}",,,,,,,
,worm,,low,2019-04-23T07:21:42Z,SMB_SCANNER_HIGH,,2019-04-22T07:23:56Z,"{u'datacenter': u'', u'tor': False, u'rdns_parent': u'', u'link': u'Ethernet or modem', u'org': u'PT TELKOM INDONESIA', u'os': u'Windows 7/8', u'asn': u'AS17974', u'rdns': u''}",,,,,,,
,worm,,low,2019-04-23T01:38:46Z,SMB_SCANNER_HIGH,,2019-04-22T07:23:56Z,"{u'datacenter': u'', u'tor': False, u'rdns_parent': u'', u'link': u'Ethernet or modem', u'org': u'PT TELKOM INDONESIA', u'os': u'Windows 7/8', u'asn': u'AS17974', u'rdns': u''}",,,,,,,
,worm,,high,2019-04-22T09:14:14Z,EQUATIONGROUP_ETERNAL_MS17_010,malicious,2019-04-22T07:24:20Z,"{u'datacenter': u'', u'tor': False, u'rdns_parent': u'', u'link': u'Ethernet or modem', u'org': u'PT TELKOM INDONESIA', u'os': u'Windows 7/8', u'asn': u'AS17974', u'rdns': u''}",,,,,,,
,worm,,low,2019-04-22T09:14:04Z,SMB_SCANNER_HIGH,,2019-04-22T07:23:56Z,"{u'datacenter': u'', u'tor': False, u'rdns_parent': u'', u'link': u'Ethernet or modem', u'org': u'PT TELKOM INDONESIA', u'os': u'Windows 7/8', u'asn': u'AS17974', u'rdns': u''}",,,,,,,
,worm,,high,2019-04-22T09:14:01Z,ETERNAL_MS17_010,malicious,2019-04-22T07:24:07Z,"{u'datacenter': u'', u'tor': False, u'rdns_parent': u'', u'link': u'Ethernet or modem', u'org': u'PT TELKOM INDONESIA', u'os': u'Windows 7/8', u'asn': u'AS17974', u'rdns': u''}",,,,,,,
,activity,,high,2019-04-22T08:31:01Z,SMB_SCANNER_HIGH,,2019-04-08T05:31:03Z,"{u'datacenter': u'', u'tor': False, u'rdns_parent': u'', u'link': u'Ethernet or modem', u'org': u'PT TELKOM INDONESIA', u'os': u'Windows 7/8', u'asn': u'AS17974', u'rdns': u''}",,,,,,,
,worm,,high,2019-04-22T07:24:20Z,EQUATIONGROUP_ETERNAL_MS17_010,malicious,2019-04-22T07:24:20Z,"{u'datacenter': u'', u'tor': False, u'rdns_parent': u'', u'link': u'Ethernet or modem', u'org': u'PT TELKOM INDONESIA', u'os': u'Windows 7/8', u'asn': u'AS17974', u'rdns': u''}",,,,,,,
,activity,,low,2019-04-22T07:24:10Z,SMB_SCANNER_LOW,,2019-04-22T07:23:56Z,"{u'datacenter': u'', u'tor': False, u'rdns_parent': u'', u'link': u'Ethernet or modem', u'org': u'PT TELKOM INDONESIA', u'os': u'Windows 7/8', u'asn': u'AS17974', u'rdns': u''}",,,,,,,
,worm,,high,2019-04-22T07:24:07Z,ETERNAL_MS17_010,malicious,2019-04-22T07:24:07Z,"{u'datacenter': u'', u'tor': False, u'rdns_parent': u'', u'link': u'Ethernet or modem', u'org': u'PT TELKOM INDONESIA', u'os': u'Windows 7/8', u'asn': u'AS17974', u'rdns': u''}",,,,,,,
,worm,,high,2019-04-18T01:31:38Z,EQUATIONGROUP_ETERNAL_MS17_010,malicious,2019-04-15T08:51:21Z,"{u'datacenter': u'', u'tor': False, u'rdns_parent': u'', u'link': u'Ethernet or modem', u'org': u'PT TELKOM INDONESIA', u'os': u'Windows 7/8', u'asn': u'AS17974', u'rdns': u''}",,,,,,,
,worm,,low,2019-04-18T01:31:28Z,SMB_SCANNER_HIGH,,2019-04-18T01:28:22Z,"{u'datacenter': u'', u'tor': False, u'rdns_parent': u'', u'link': u'Ethernet or modem', u'org': u'PT TELKOM INDONESIA', u'os': u'Windows 7/8', u'asn': u'AS17974', u'rdns': u''}",,,,,,,
,worm,,high,2019-04-18T01:31:24Z,ETERNAL_MS17_010,malicious,2019-04-15T08:51:08Z,"{u'datacenter': u'', u'tor': False, u'rdns_parent': u'', u'link': u'Ethernet or modem', u'org': u'PT TELKOM INDONESIA', u'os': u'Windows 7/8', u'asn': u'AS17974', u'rdns': u''}",,,,,,,
,worm,,high,2019-04-15T08:51:21Z,EQUATIONGROUP_ETERNAL_MS17_010,malicious,2019-04-15T08:51:21Z,"{u'datacenter': u'', u'tor': False, u'rdns_parent': u'', u'link': u'Ethernet or modem', u'org': u'PT TELKOM INDONESIA', u'os': u'Windows 7/8', u'asn': u'AS17974', u'rdns': u''}",,,,,,,
,activity,,low,2019-04-15T08:51:11Z,SMB_SCANNER_LOW,,2019-04-15T08:48:12Z,"{u'datacenter': u'', u'tor': False, u'rdns_parent': u'', u'link': u'Ethernet or modem', u'org': u'PT TELKOM INDONESIA', u'os': u'Windows 7/8', u'asn': u'AS17974', u'rdns': u''}",,,,,,,
,worm,,high,2019-04-15T08:51:08Z,ETERNAL_MS17_010,malicious,2019-04-15T08:51:08Z,"{u'datacenter': u'', u'tor': False, u'rdns_parent': u'', u'link': u'Ethernet or modem', u'org': u'PT TELKOM INDONESIA', u'os': u'Windows 7/8', u'asn': u'AS17974', u'rdns': u''}",,,,,,,
,worm,,high,2019-04-11T03:16:02Z,EQUATIONGROUP_ETERNAL_MS17_010,malicious,2019-04-10T10:17:10Z,"{u'datacenter': u'', u'tor': False, u'rdns_parent': u'', u'link': u'Ethernet or modem', u'org': u'PT TELKOM INDONESIA', u'os': u'Windows 7/8', u'asn': u'AS17974', u'rdns': u''}",,,,,,,
,worm,,low,2019-04-11T03:15:52Z,SMB_SCANNER_HIGH,,2019-04-08T05:31:03Z,"{u'datacenter': u'', u'tor': False, u'rdns_parent': u'', u'link': u'Ethernet or modem', u'org': u'PT TELKOM INDONESIA', u'os': u'Windows 7/8', u'asn': u'AS17974', u'rdns': u''}",,,,,,,
,worm,,high,2019-04-11T03:15:49Z,ETERNAL_MS17_010,malicious,2019-04-10T10:16:56Z,"{u'datacenter': u'', u'tor': False, u'rdns_parent': u'', u'link': u'Ethernet or modem', u'org': u'PT TELKOM INDONESIA', u'os': u'Windows 7/8', u'asn': u'AS17974', u'rdns': u''}",,,,,,,
,worm,,low,2019-04-11T02:44:23Z,SMB_SCANNER_HIGH,,2019-04-08T05:31:03Z,"{u'datacenter': u'', u'tor': False, u'rdns_parent': u'', u'link': u'Ethernet or modem', u'org': u'PT TELKOM INDONESIA', u'os': u'Windows 7/8', u'asn': u'AS17974', u'rdns': u''}",,,,,,,
,worm,,high,2019-04-10T10:17:10Z,EQUATIONGROUP_ETERNAL_MS17_010,malicious,2019-04-10T10:17:10Z,"{u'datacenter': u'', u'tor': False, u'rdns_parent': u'', u'link': u'Ethernet or modem', u'org': u'PT TELKOM INDONESIA', u'os': u'Windows 7/8', u'asn': u'AS17974', u'rdns': u''}",,,,,,,
,worm,,low,2019-04-10T10:16:59Z,SMB_SCANNER_HIGH,,2019-04-08T05:31:03Z,"{u'datacenter': u'', u'tor': False, u'rdns_parent': u'', u'link': u'Ethernet or modem', u'org': u'PT TELKOM INDONESIA', u'os': u'Windows 7/8', u'asn': u'AS17974', u'rdns': u''}",,,,,,,
,worm,,high,2019-04-10T10:16:56Z,ETERNAL_MS17_010,malicious,2019-04-10T10:16:56Z,"{u'datacenter': u'', u'tor': False, u'rdns_parent': u'', u'link': u'Ethernet or modem', u'org': u'PT TELKOM INDONESIA', u'os': u'Windows 7/8', u'asn': u'AS17974', u'rdns': u''}",,,,,,,
,activity,,high,2019-04-10T08:47:18Z,SMB_SCANNER_HIGH,,2019-04-08T05:31:03Z,"{u'datacenter': u'', u'tor': False, u'rdns_parent': u'', u'link': u'Ethernet or modem', u'org': u'PT TELKOM INDONESIA', u'os': u'Windows 7/8', u'asn': u'AS17974', u'rdns': u''}",,,,,,,
,worm,,low,2019-04-10T08:03:01Z,SMB_SCANNER_HIGH,,2019-04-08T05:31:03Z,"{u'datacenter': u'', u'tor': False, u'rdns_parent': u'', u'link': u'Ethernet or modem', u'org': u'PT TELKOM INDONESIA', u'os': u'Windows 7/8', u'asn': u'AS17974', u'rdns': u''}",,,,,,,
,worm,,low,2019-04-10T04:50:48Z,SMB_SCANNER_HIGH,,2019-04-08T05:31:03Z,"{u'datacenter': u'', u'tor': False, u'rdns_parent': u'', u'link': u'Ethernet or modem', u'org': u'PT TELKOM INDONESIA', u'os': u'Windows 7/8', u'asn': u'AS17974', u'rdns': u''}",,,,,,,
,worm,,low,2019-04-09T06:50:05Z,SMB_SCANNER_HIGH,,2019-04-08T05:31:03Z,"{u'datacenter': u'', u'tor': False, u'rdns_parent': u'', u'link': u'Ethernet or modem', u'org': u'PT TELKOM INDONESIA', u'os': u'Windows 7/8', u'asn': u'AS17974', u'rdns': u''}",,,,,,,
,worm,,low,2019-04-09T04:37:38Z,LOOKS_LIKE_ETERNALBLUE,malicious,2019-04-08T05:31:03Z,"{u'datacenter': u'', u'tor': False, u'rdns_parent': u'', u'link': u'Ethernet or modem', u'org': u'PT TELKOM INDONESIA', u'os': u'Windows 7/8', u'asn': u'AS17974', u'rdns': u''}",,,,,,,
,activity,,high,2019-04-09T02:59:22Z,SMB_SCANNER_HIGH,,2019-04-08T05:31:03Z,"{u'datacenter': u'', u'tor': False, u'rdns_parent': u'', u'link': u'Ethernet or modem', u'org': u'PT TELKOM INDONESIA', u'os': u'Windows 7/8', u'asn': u'AS17974', u'rdns': u''}",,,,,,,
,worm,,low,2019-04-08T05:46:10Z,SMB_SCANNER_HIGH,,2019-04-08T05:31:03Z,"{u'datacenter': u'', u'tor': False, u'rdns_parent': u'', u'link': u'Ethernet or modem', u'org': u'PT TELKOM INDONESIA', u'os': u'Windows 7/8', u'asn': u'AS17974', u'rdns': u''}",,,,,,,
,worm,,low,2019-04-05T05:34:53Z,SMB_SCANNER_HIGH,,2019-04-04T02:47:44Z,"{u'datacenter': u'', u'tor': False, u'rdns_parent': u'', u'link': u'Ethernet or modem', u'org': u'PT TELKOM INDONESIA', u'os': u'Windows 7/8', u'asn': u'AS17974', u'rdns': u''}",,,,,,,
,worm,,high,2019-04-05T03:34:54Z,EQUATIONGROUP_ETERNAL_MS17_010,malicious,2019-04-04T04:34:57Z,"{u'datacenter': u'', u'tor': False, u'rdns_parent': u'', u'link': u'Ethernet or modem', u'org': u'PT TELKOM INDONESIA', u'os': u'Windows 7/8', u'asn': u'AS17974', u'rdns': u''}",,,,,,,
,worm,,low,2019-04-05T03:34:44Z,SMB_SCANNER_HIGH,,2019-04-04T02:47:44Z,"{u'datacenter': u'', u'tor': False, u'rdns_parent': u'', u'link': u'Ethernet or modem', u'org': u'PT TELKOM INDONESIA', u'os': u'Windows 7/8', u'asn': u'AS17974', u'rdns': u''}",,,,,,,
,worm,,high,2019-04-05T03:34:41Z,ETERNAL_MS17_010,malicious,2019-04-04T04:34:44Z,"{u'datacenter': u'', u'tor': False, u'rdns_parent': u'', u'link': u'Ethernet or modem', u'org': u'PT TELKOM INDONESIA', u'os': u'Windows 7/8', u'asn': u'AS17974', u'rdns': u''}",,,,,,,
,worm,,low,2019-04-04T05:05:31Z,SMB_SCANNER_HIGH,,2019-04-04T02:47:44Z,"{u'datacenter': u'', u'tor': False, u'rdns_parent': u'', u'link': u'Ethernet or modem', u'org': u'PT TELKOM INDONESIA', u'os': u'Windows 7/8', u'asn': u'AS17974', u'rdns': u''}",,,,,,,
,worm,,high,2019-04-04T04:34:57Z,EQUATIONGROUP_ETERNAL_MS17_010,malicious,2019-04-04T04:34:57Z,"{u'datacenter': u'', u'tor': False, u'rdns_parent': u'', u'link': u'Ethernet or modem', u'org': u'PT TELKOM INDONESIA', u'os': u'Windows 7/8', u'asn': u'AS17974', u'rdns': u''}",,,,,,,
,worm,,high,2019-04-04T04:34:44Z,ETERNAL_MS17_010,malicious,2019-04-04T04:34:44Z,"{u'datacenter': u'', u'tor': False, u'rdns_parent': u'', u'link': u'Ethernet or modem', u'org': u'PT TELKOM INDONESIA', u'os': u'Windows 7/8', u'asn': u'AS17974', u'rdns': u''}",,,,,,,
,worm,,low,2019-04-04T03:49:49Z,LOOKS_LIKE_ETERNALBLUE,malicious,2019-04-04T02:47:44Z,"{u'datacenter': u'', u'tor': False, u'rdns_parent': u'', u'link': u'Ethernet or modem', u'org': u'PT TELKOM INDONESIA', u'os': u'Windows 7/8', u'asn': u'AS17974', u'rdns': u''}",,,,,,,
,activity,,low,2019-04-04T02:53:27Z,SMB_SCANNER_LOW,,2019-04-04T02:47:44Z,"{u'datacenter': u'', u'tor': False, u'rdns_parent': u'', u'link': u'Ethernet or modem', u'org': u'PT TELKOM INDONESIA', u'os': u'Windows 7/8', u'asn': u'AS17974', u'rdns': u''}",,,,,,,
,worm,,high,2019-03-28T10:17:48Z,EQUATIONGROUP_ETERNAL_MS17_010,malicious,2019-03-25T08:51:38Z,"{u'datacenter': u'', u'tor': False, u'rdns_parent': u'', u'link': u'Ethernet or modem', u'org': u'PT TELKOM INDONESIA', u'os': u'Windows 7/8', u'asn': u'AS17974', u'rdns': u''}",,,,,,,
,worm,,low,2019-03-28T10:17:38Z,SMB_SCANNER_HIGH,,2019-03-25T08:47:05Z,"{u'datacenter': u'', u'tor': False, u'rdns_parent': u'', u'link': u'Ethernet or modem', u'org': u'PT TELKOM INDONESIA', u'os': u'Windows 7/8', u'asn': u'AS17974', u'rdns': u''}",,,,,,,
,worm,,high,2019-03-28T10:17:35Z,ETERNAL_MS17_010,malicious,2019-03-25T08:51:25Z,"{u'datacenter': u'', u'tor': False, u'rdns_parent': u'', u'link': u'Ethernet or modem', u'org': u'PT TELKOM INDONESIA', u'os': u'Windows 7/8', u'asn': u'AS17974', u'rdns': u''}",,,,,,,
,worm,,low,2019-03-28T07:47:46Z,LOOKS_LIKE_ETERNALBLUE,malicious,2019-03-25T08:47:05Z,"{u'datacenter': u'', u'tor': False, u'rdns_parent': u'', u'link': u'Ethernet or modem', u'org': u'PT TELKOM INDONESIA', u'os': u'Windows 7/8', u'asn': u'AS17974', u'rdns': u''}",,,,,,,
,worm,,low,2019-03-28T05:45:20Z,SMB_SCANNER_HIGH,,2019-03-25T08:47:05Z,"{u'datacenter': u'', u'tor': False, u'rdns_parent': u'', u'link': u'Ethernet or modem', u'org': u'PT TELKOM INDONESIA', u'os': u'Windows 7/8', u'asn': u'AS17974', u'rdns': u''}",,,,,,,
,worm,,low,2019-03-27T07:04:42Z,SMB_SCANNER_HIGH,,2019-03-25T08:47:05Z,"{u'datacenter': u'', u'tor': False, u'rdns_parent': u'', u'link': u'Ethernet or modem', u'org': u'PT TELKOM INDONESIA', u'os': u'Windows 7/8', u'asn': u'AS17974', u'rdns': u''}",,,,,,,
,worm,,high,2019-03-26T01:39:50Z,EQUATIONGROUP_ETERNAL_MS17_010,malicious,2019-03-25T08:51:38Z,"{u'datacenter': u'', u'tor': False, u'rdns_parent': u'', u'link': u'Ethernet or modem', u'org': u'PT TELKOM INDONESIA', u'os': u'Windows 7/8', u'asn': u'AS17974', u'rdns': u''}",,,,,,,
,worm,,low,2019-03-26T01:39:40Z,SMB_SCANNER_HIGH,,2019-03-25T08:47:05Z,"{u'datacenter': u'', u'tor': False, u'rdns_parent': u'', u'link': u'Ethernet or modem', u'org': u'PT TELKOM INDONESIA', u'os': u'Windows 7/8', u'asn': u'AS17974', u'rdns': u''}",,,,,,,
,worm,,high,2019-03-26T01:39:36Z,ETERNAL_MS17_010,malicious,2019-03-25T08:51:25Z,"{u'datacenter': u'', u'tor': False, u'rdns_parent': u'', u'link': u'Ethernet or modem', u'org': u'PT TELKOM INDONESIA', u'os': u'Windows 7/8', u'asn': u'AS17974', u'rdns': u''}",,,,,,,
,worm,,high,2019-03-25T08:51:38Z,EQUATIONGROUP_ETERNAL_MS17_010,malicious,2019-03-25T08:51:38Z,"{u'datacenter': u'', u'tor': False, u'rdns_parent': u'', u'link': u'Ethernet or modem', u'org': u'PT TELKOM INDONESIA', u'os': u'Windows 7/8', u'asn': u'AS17974', u'rdns': u''}",,,,,,,
,activity,,low,2019-03-25T08:51:28Z,SMB_SCANNER_LOW,,2019-03-25T08:47:05Z,"{u'datacenter': u'', u'tor': False, u'rdns_parent': u'', u'link': u'Ethernet or modem', u'org': u'PT TELKOM INDONESIA', u'os': u'Windows 7/8', u'asn': u'AS17974', u'rdns': u''}",,,,,,,
,worm,,high,2019-03-25T08:51:25Z,ETERNAL_MS17_010,malicious,2019-03-25T08:51:25Z,"{u'datacenter': u'', u'tor': False, u'rdns_parent': u'', u'link': u'Ethernet or modem', u'org': u'PT TELKOM INDONESIA', u'os': u'Windows 7/8', u'asn': u'AS17974', u'rdns': u''}",,,,,,,
,worm,,low,2019-03-22T04:16:44Z,SMB_SCANNER_HIGH,,2019-03-18T10:30:51Z,"{u'datacenter': u'', u'tor': False, u'rdns_parent': u'', u'link': u'Ethernet or modem', u'org': u'PT TELKOM INDONESIA', u'os': u'Windows 7/8', u'asn': u'AS17974', u'rdns': u''}",,,,,,,
,worm,,low,2019-03-21T04:04:20Z,SMB_SCANNER_HIGH,,2019-03-18T10:30:51Z,"{u'datacenter': u'', u'tor': False, u'rdns_parent': u'', u'link': u'Ethernet or modem', u'org': u'PT TELKOM INDONESIA', u'os': u'Windows 7/8', u'asn': u'AS17974', u'rdns': u''}",,,,,,,
,worm,,low,2019-03-20T08:00:26Z,SMB_SCANNER_LOW,,2019-03-11T02:16:15Z,"{u'datacenter': u'', u'tor': False, u'rdns_parent': u'', u'link': u'Ethernet or modem', u'org': u'PT TELKOM INDONESIA', u'os': u'Windows 7/8', u'asn': u'AS17974', u'rdns': u''}",,,,,,,
,worm,,high,2019-03-18T10:31:15Z,EQUATIONGROUP_ETERNAL_MS17_010,malicious,2019-03-13T04:19:57Z,"{u'datacenter': u'', u'tor': False, u'rdns_parent': u'', u'link': u'Ethernet or modem', u'org': u'PT TELKOM INDONESIA', u'os': u'Windows 7/8', u'asn': u'AS17974', u'rdns': u''}",,,,,,,
,activity,,low,2019-03-18T10:31:05Z,SMB_SCANNER_LOW,,2019-03-11T02:16:15Z,"{u'datacenter': u'', u'tor': False, u'rdns_parent': u'', u'link': u'Ethernet or modem', u'org': u'PT TELKOM INDONESIA', u'os': u'Windows 7/8', u'asn': u'AS17974', u'rdns': u''}",,,,,,,
,worm,,high,2019-03-18T10:31:01Z,ETERNAL_MS17_010,malicious,2019-03-13T04:19:43Z,"{u'datacenter': u'', u'tor': False, u'rdns_parent': u'', u'link': u'Ethernet or modem', u'org': u'PT TELKOM INDONESIA', u'os': u'Windows 7/8', u'asn': u'AS17974', u'rdns': u''}",,,,,,,
,worm,,high,2019-03-18T04:49:56Z,EQUATIONGROUP_ETERNAL_MS17_010,malicious,2019-03-13T04:19:57Z,"{u'datacenter': u'', u'tor': False, u'rdns_parent': u'', u'link': u'Ethernet or modem', u'org': u'PT TELKOM INDONESIA', u'os': u'Windows 7/8', u'asn': u'AS17974', u'rdns': u''}",,,,,,,
,activity,,low,2019-03-18T04:49:45Z,SMB_SCANNER_LOW,,2019-03-11T02:16:15Z,"{u'datacenter': u'', u'tor': False, u'rdns_parent': u'', u'link': u'Ethernet or modem', u'org': u'PT TELKOM INDONESIA', u'os': u'Windows 7/8', u'asn': u'AS17974', u'rdns': u''}",,,,,,,
,worm,,high,2019-03-18T04:49:42Z,ETERNAL_MS17_010,malicious,2019-03-13T04:19:43Z,"{u'datacenter': u'', u'tor': False, u'rdns_parent': u'', u'link': u'Ethernet or modem', u'org': u'PT TELKOM INDONESIA', u'os': u'Windows 7/8', u'asn': u'AS17974', u'rdns': u''}",,,,,,,
,worm,,low,2019-03-15T06:52:48Z,SMB_SCANNER_HIGH,,2019-03-11T02:16:15Z,"{u'datacenter': u'', u'tor': False, u'rdns_parent': u'', u'link': u'Ethernet or modem', u'org': u'PT TELKOM INDONESIA', u'os': u'Windows 7/8', u'asn': u'AS17974', u'rdns': u''}",,,,,,,
,worm,,high,2019-03-15T06:22:47Z,EQUATIONGROUP_ETERNAL_MS17_010,malicious,2019-03-13T04:19:57Z,"{u'datacenter': u'', u'tor': False, u'rdns_parent': u'', u'link': u'Ethernet or modem', u'org': u'PT TELKOM INDONESIA', u'os': u'Windows 7/8', u'asn': u'AS17974', u'rdns': u''}",,,,,,,
,worm,,high,2019-03-15T06:22:34Z,ETERNAL_MS17_010,malicious,2019-03-13T04:19:43Z,"{u'datacenter': u'', u'tor': False, u'rdns_parent': u'', u'link': u'Ethernet or modem', u'org': u'PT TELKOM INDONESIA', u'os': u'Windows 7/8', u'asn': u'AS17974', u'rdns': u''}",,,,,,,
,worm,,high,2019-03-13T04:19:57Z,EQUATIONGROUP_ETERNAL_MS17_010,malicious,2019-03-13T04:19:57Z,"{u'datacenter': u'', u'tor': False, u'rdns_parent': u'', u'link': u'Ethernet or modem', u'org': u'PT TELKOM INDONESIA', u'os': u'Windows 7/8', u'asn': u'AS17974', u'rdns': u''}",,,,,,,
,worm,,low,2019-03-13T04:19:46Z,SMB_SCANNER_HIGH,,2019-03-11T02:16:15Z,"{u'datacenter': u'', u'tor': False, u'rdns_parent': u'', u'link': u'Ethernet or modem', u'org': u'PT TELKOM INDONESIA', u'os': u'Windows 7/8', u'asn': u'AS17974', u'rdns': u''}",,,,,,,
,worm,,high,2019-03-13T04:19:43Z,ETERNAL_MS17_010,malicious,2019-03-13T04:19:43Z,"{u'datacenter': u'', u'tor': False, u'rdns_parent': u'', u'link': u'Ethernet or modem', u'org': u'PT TELKOM INDONESIA', u'os': u'Windows 7/8', u'asn': u'AS17974', u'rdns': u''}",,,,,,,
,worm,,low,2019-03-12T10:12:59Z,SMB_SCANNER_HIGH,,2019-03-11T02:16:15Z,"{u'datacenter': u'', u'tor': False, u'rdns_parent': u'', u'link': u'Ethernet or modem', u'org': u'PT TELKOM INDONESIA', u'os': u'Windows 7/8', u'asn': u'AS17974', u'rdns': u''}",,,,,,,
,activity,,low,2019-03-11T02:16:15Z,SMB_SCANNER_LOW,,2019-03-11T02:16:15Z,"{u'datacenter': u'', u'tor': False, u'rdns_parent': u'', u'link': u'Ethernet or modem', u'org': u'PT TELKOM INDONESIA', u'os': u'Windows 7/8', u'asn': u'AS17974', u'rdns': u''}",,,,,,,
,activity,,low,2019-03-04T04:47:20Z,SMB_SCANNER_LOW,,2019-03-04T04:47:20Z,"{u'datacenter': u'', u'tor': False, u'rdns_parent': u'', u'link': u'Ethernet or modem', u'org': u'PT TELKOM INDONESIA', u'os': u'Windows 7/8', u'asn': u'AS17974', u'rdns': u''}",,,,,,,
,activity,,high,2019-02-26T07:26:16Z,SMB_SCANNER_HIGH,,2018-10-10T02:18:13Z,"{u'datacenter': u'', u'tor': False, u'rdns_parent': u'', u'link': u'Ethernet or modem', u'org': u'PT TELKOM INDONESIA', u'os': u'Windows 7/8', u'asn': u'AS17974', u'rdns': u''}",,,,,,,
,activity,,low,2019-02-25T07:18:08Z,SMB_SCANNER_LOW,,2019-02-25T07:18:08Z,"{u'datacenter': u'', u'tor': False, u'rdns_parent': u'', u'link': u'Ethernet or modem', u'org': u'PT TELKOM INDONESIA', u'os': u'Windows 7/8', u'asn': u'AS17974', u'rdns': u''}",,,,,,,
,worm,,low,2019-02-22T06:01:56Z,LOOKS_LIKE_ETERNALBLUE,malicious,2019-02-18T05:55:31Z,"{u'datacenter': u'', u'tor': False, u'rdns_parent': u'', u'link': u'Ethernet or modem', u'org': u'PT TELKOM INDONESIA', u'os': u'Windows 7/8', u'asn': u'AS17974', u'rdns': u''}",,,,,,,
,worm,,high,2019-02-19T03:19:11Z,EQUATIONGROUP_ETERNAL_MS17_010,malicious,2019-02-18T05:55:55Z,"{u'datacenter': u'', u'tor': False, u'rdns_parent': u'', u'link': u'Ethernet or modem', u'org': u'PT TELKOM INDONESIA', u'os': u'Windows 7/8', u'asn': u'AS17974', u'rdns': u''}",,,,,,,
,worm,,high,2019-02-19T03:18:57Z,ETERNAL_MS17_010,malicious,2019-02-18T05:55:41Z,"{u'datacenter': u'', u'tor': False, u'rdns_parent': u'', u'link': u'Ethernet or modem', u'org': u'PT TELKOM INDONESIA', u'os': u'Windows 7/8', u'asn': u'AS17974', u'rdns': u''}",,,,,,,
,activity,,low,2019-02-18T05:55:45Z,SMB_SCANNER_LOW,,2019-02-18T05:55:31Z,"{u'datacenter': u'', u'tor': False, u'rdns_parent': u'', u'link': u'Ethernet or modem', u'org': u'PT TELKOM INDONESIA', u'os': u'Windows 7/8', u'asn': u'AS17974', u'rdns': u''}",,,,,,,
,worm,,high,2019-02-12T01:57:48Z,EQUATIONGROUP_ETERNAL_MS17_010,malicious,2019-02-11T07:16:37Z,"{u'datacenter': u'', u'tor': False, u'rdns_parent': u'', u'link': u'Ethernet or modem', u'org': u'PT TELKOM INDONESIA', u'os': u'Windows 7/8', u'asn': u'AS17974', u'rdns': u''}",,,,,,,
,worm,,low,2019-02-12T01:57:37Z,LOOKS_LIKE_ETERNALBLUE,malicious,2019-02-11T07:16:13Z,"{u'datacenter': u'', u'tor': False, u'rdns_parent': u'', u'link': u'Ethernet or modem', u'org': u'PT TELKOM INDONESIA', u'os': u'Windows 7/8', u'asn': u'AS17974', u'rdns': u''}",,,,,,,
,worm,,high,2019-02-12T01:57:34Z,ETERNAL_MS17_010,malicious,2019-02-11T07:16:24Z,"{u'datacenter': u'', u'tor': False, u'rdns_parent': u'', u'link': u'Ethernet or modem', u'org': u'PT TELKOM INDONESIA', u'os': u'Windows 7/8', u'asn': u'AS17974', u'rdns': u''}",,,,,,,
,activity,,low,2019-02-11T07:16:27Z,SMB_SCANNER_LOW,,2019-02-11T07:16:13Z,"{u'datacenter': u'', u'tor': False, u'rdns_parent': u'', u'link': u'Ethernet or modem', u'org': u'PT TELKOM INDONESIA', u'os': u'Windows 7/8', u'asn': u'AS17974', u'rdns': u''}",,,,,,,
,worm,,low,2019-02-08T04:41:19Z,LOOKS_LIKE_ETERNALBLUE,malicious,2019-02-08T01:58:22Z,"{u'datacenter': u'', u'tor': False, u'rdns_parent': u'', u'link': u'Ethernet or modem', u'org': u'PT TELKOM INDONESIA', u'os': u'Windows 7/8', u'asn': u'AS17974', u'rdns': u''}",,,,,,,
,worm,,high,2019-02-08T01:58:46Z,EQUATIONGROUP_ETERNAL_MS17_010,malicious,2019-02-08T01:58:46Z,"{u'datacenter': u'', u'tor': False, u'rdns_parent': u'', u'link': u'Ethernet or modem', u'org': u'PT TELKOM INDONESIA', u'os': u'Windows 7/8', u'asn': u'AS17974', u'rdns': u''}",,,,,,,
,activity,,low,2019-02-08T01:58:36Z,SMB_SCANNER_LOW,,2019-02-08T01:58:22Z,"{u'datacenter': u'', u'tor': False, u'rdns_parent': u'', u'link': u'Ethernet or modem', u'org': u'PT TELKOM INDONESIA', u'os': u'Windows 7/8', u'asn': u'AS17974', u'rdns': u''}",,,,,,,
,worm,,high,2019-02-08T01:58:33Z,ETERNAL_MS17_010,malicious,2019-02-08T01:58:33Z,"{u'datacenter': u'', u'tor': False, u'rdns_parent': u'', u'link': u'Ethernet or modem', u'org': u'PT TELKOM INDONESIA', u'os': u'Windows 7/8', u'asn': u'AS17974', u'rdns': u''}",,,,,,,
,worm,,high,2019-01-30T08:20:18Z,EQUATIONGROUP_ETERNAL_MS17_010,malicious,2019-01-25T07:07:02Z,"{u'datacenter': u'', u'tor': False, u'rdns_parent': u'', u'link': u'Ethernet or modem', u'org': u'PT TELKOM INDONESIA', u'os': u'Windows 7/8', u'asn': u'AS17974', u'rdns': u''}",,,,,,,
,worm,,low,2019-01-30T08:20:08Z,LOOKS_LIKE_ETERNALBLUE,malicious,2019-01-22T03:23:00Z,"{u'datacenter': u'', u'tor': False, u'rdns_parent': u'', u'link': u'Ethernet or modem', u'org': u'PT TELKOM INDONESIA', u'os': u'Windows 7/8', u'asn': u'AS17974', u'rdns': u''}",,,,,,,
,worm,,high,2019-01-30T08:20:05Z,ETERNAL_MS17_010,malicious,2019-01-25T07:06:49Z,"{u'datacenter': u'', u'tor': False, u'rdns_parent': u'', u'link': u'Ethernet or modem', u'org': u'PT TELKOM INDONESIA', u'os': u'Windows 7/8', u'asn': u'AS17974', u'rdns': u''}",,,,,,,
,activity,,low,2019-01-28T03:36:11Z,SMB_SCANNER_LOW,,2019-01-22T03:23:00Z,"{u'datacenter': u'', u'tor': False, u'rdns_parent': u'', u'link': u'Ethernet or modem', u'org': u'PT TELKOM INDONESIA', u'os': u'Windows 7/8', u'asn': u'AS17974', u'rdns': u''}",,,,,,,
,worm,,high,2019-01-22T03:23:24Z,EQUATIONGROUP_ETERNAL_MS17_010,malicious,2019-01-22T03:23:24Z,"{u'datacenter': u'', u'tor': False, u'rdns_parent': u'', u'link': u'Ethernet or modem', u'org': u'PT TELKOM INDONESIA', u'os': u'Windows 7/8', u'asn': u'AS17974', u'rdns': u''}",,,,,,,
,worm,,high,2019-01-22T03:23:10Z,ETERNAL_MS17_010,malicious,2019-01-22T03:23:10Z,"{u'datacenter': u'', u'tor': False, u'rdns_parent': u'', u'link': u'Ethernet or modem', u'org': u'PT TELKOM INDONESIA', u'os': u'Windows 7/8', u'asn': u'AS17974', u'rdns': u''}",,,,,,,
,worm,,low,2019-01-17T07:18:10Z,LOOKS_LIKE_ETERNALBLUE,malicious,2019-01-17T04:12:57Z,"{u'datacenter': u'', u'tor': False, u'rdns_parent': u'', u'link': u'Ethernet or modem', u'org': u'PT TELKOM INDONESIA', u'os': u'Windows 7/8', u'asn': u'AS17974', u'rdns': u''}",,,,,,,
,worm,,high,2019-01-17T04:13:21Z,EQUATIONGROUP_ETERNAL_MS17_010,malicious,2019-01-17T04:13:21Z,"{u'datacenter': u'', u'tor': False, u'rdns_parent': u'', u'link': u'Ethernet or modem', u'org': u'PT TELKOM INDONESIA', u'os': u'Windows 7/8', u'asn': u'AS17974', u'rdns': u''}",,,,,,,
,activity,,low,2019-01-17T04:13:11Z,SMB_SCANNER_LOW,,2019-01-14T11:32:38Z,"{u'datacenter': u'', u'tor': False, u'rdns_parent': u'', u'link': u'Ethernet or modem', u'org': u'PT TELKOM INDONESIA', u'os': u'Windows 7/8', u'asn': u'AS17974', u'rdns': u''}",,,,,,,
,worm,,high,2019-01-17T04:13:07Z,ETERNAL_MS17_010,malicious,2019-01-17T04:13:07Z,"{u'datacenter': u'', u'tor': False, u'rdns_parent': u'', u'link': u'Ethernet or modem', u'org': u'PT TELKOM INDONESIA', u'os': u'Windows 7/8', u'asn': u'AS17974', u'rdns': u''}",,,,,,,
,worm,,low,2019-01-11T03:07:22Z,LOOKS_LIKE_ETERNALBLUE,malicious,2019-01-07T06:58:32Z,"{u'datacenter': u'', u'tor': False, u'rdns_parent': u'', u'link': u'Ethernet or modem', u'org': u'PT TELKOM INDONESIA', u'os': u'Windows 7/8', u'asn': u'AS17974', u'rdns': u''}",,,,,,,
,worm,,high,2019-01-10T09:31:06Z,EQUATIONGROUP_ETERNAL_MS17_010,malicious,2019-01-07T07:00:31Z,"{u'datacenter': u'', u'tor': False, u'rdns_parent': u'', u'link': u'Ethernet or modem', u'org': u'PT TELKOM INDONESIA', u'os': u'Windows 7/8', u'asn': u'AS17974', u'rdns': u''}",,,,,,,
,worm,,high,2019-01-10T09:30:52Z,ETERNAL_MS17_010,malicious,2019-01-07T07:00:18Z,"{u'datacenter': u'', u'tor': False, u'rdns_parent': u'', u'link': u'Ethernet or modem', u'org': u'PT TELKOM INDONESIA', u'os': u'Windows 7/8', u'asn': u'AS17974', u'rdns': u''}",,,,,,,
,activity,,low,2019-01-07T07:37:26Z,SMB_SCANNER_LOW,,2019-01-07T06:58:32Z,"{u'datacenter': u'', u'tor': False, u'rdns_parent': u'', u'link': u'Ethernet or modem', u'org': u'PT TELKOM INDONESIA', u'os': u'Windows 7/8', u'asn': u'AS17974', u'rdns': u''}",,,,,,,
,worm,,high,2019-01-03T08:49:25Z,EQUATIONGROUP_ETERNAL_MS17_010,malicious,2019-01-02T03:33:47Z,"{u'datacenter': u'', u'tor': False, u'rdns_parent': u'', u'link': u'Ethernet or modem', u'org': u'PT TELKOM INDONESIA', u'os': u'Windows 7/8', u'asn': u'AS17974', u'rdns': u''}",,,,,,,
,worm,,low,2019-01-03T08:49:14Z,LOOKS_LIKE_ETERNALBLUE,malicious,2019-01-02T01:43:18Z,"{u'datacenter': u'', u'tor': False, u'rdns_parent': u'', u'link': u'Ethernet or modem', u'org': u'PT TELKOM INDONESIA', u'os': u'Windows 7/8', u'asn': u'AS17974', u'rdns': u''}",,,,,,,
,worm,,high,2019-01-03T08:49:11Z,ETERNAL_MS17_010,malicious,2019-01-02T03:33:34Z,"{u'datacenter': u'', u'tor': False, u'rdns_parent': u'', u'link': u'Ethernet or modem', u'org': u'PT TELKOM INDONESIA', u'os': u'Windows 7/8', u'asn': u'AS17974', u'rdns': u''}",,,,,,,
,activity,,low,2019-01-02T01:43:18Z,SMB_SCANNER_LOW,,2019-01-02T01:43:18Z,"{u'datacenter': u'', u'tor': False, u'rdns_parent': u'', u'link': u'Ethernet or modem', u'org': u'PT TELKOM INDONESIA', u'os': u'Windows 7/8', u'asn': u'AS17974', u'rdns': u''}",,,,,,,
,worm,,low,2018-12-28T02:11:16Z,LOOKS_LIKE_ETERNALBLUE,malicious,2018-12-26T09:57:53Z,"{u'datacenter': u'', u'tor': False, u'rdns_parent': u'', u'link': u'Ethernet or modem', u'org': u'PT TELKOM INDONESIA', u'os': u'Windows 7/8', u'asn': u'AS17974', u'rdns': u''}",,,,,,,
,worm,,high,2018-12-27T09:02:07Z,EQUATIONGROUP_ETERNAL_MS17_010,malicious,2018-12-26T09:58:17Z,"{u'datacenter': u'', u'tor': False, u'rdns_parent': u'', u'link': u'Ethernet or modem', u'org': u'PT TELKOM INDONESIA', u'os': u'Windows 7/8', u'asn': u'AS17974', u'rdns': u''}",,,,,,,
,activity,,low,2018-12-27T09:01:57Z,SMB_SCANNER_LOW,,2018-12-26T09:57:53Z,"{u'datacenter': u'', u'tor': False, u'rdns_parent': u'', u'link': u'Ethernet or modem', u'org': u'PT TELKOM INDONESIA', u'os': u'Windows 7/8', u'asn': u'AS17974', u'rdns': u''}",,,,,,,
,worm,,high,2018-12-27T09:01:53Z,ETERNAL_MS17_010,malicious,2018-12-26T09:58:04Z,"{u'datacenter': u'', u'tor': False, u'rdns_parent': u'', u'link': u'Ethernet or modem', u'org': u'PT TELKOM INDONESIA', u'os': u'Windows 7/8', u'asn': u'AS17974', u'rdns': u''}",,,,,,,
,worm,,high,2018-12-21T02:22:15Z,EQUATIONGROUP_ETERNAL_MS17_010,malicious,2018-12-21T02:22:15Z,"{u'datacenter': u'', u'tor': False, u'rdns_parent': u'', u'link': u'Ethernet or modem', u'org': u'PT TELKOM INDONESIA', u'os': u'Windows 7/8', u'asn': u'AS17974', u'rdns': u''}",,,,,,,
,worm,,low,2018-12-21T02:22:05Z,LOOKS_LIKE_ETERNALBLUE,malicious,2018-12-20T09:21:31Z,"{u'datacenter': u'', u'tor': False, u'rdns_parent': u'', u'link': u'Ethernet or modem', u'org': u'PT TELKOM INDONESIA', u'os': u'Windows 7/8', u'asn': u'AS17974', u'rdns': u''}",,,,,,,
,worm,,high,2018-12-21T02:22:02Z,ETERNAL_MS17_010,malicious,2018-12-21T02:22:02Z,"{u'datacenter': u'', u'tor': False, u'rdns_parent': u'', u'link': u'Ethernet or modem', u'org': u'PT TELKOM INDONESIA', u'os': u'Windows 7/8', u'asn': u'AS17974', u'rdns': u''}",,,,,,,
,activity,,low,2018-12-20T09:21:31Z,SMB_SCANNER_LOW,,2018-12-20T09:21:31Z,"{u'datacenter': u'', u'tor': False, u'rdns_parent': u'', u'link': u'Ethernet or modem', u'org': u'PT TELKOM INDONESIA', u'os': u'Windows 7/8', u'asn': u'AS17974', u'rdns': u''}",,,,,,,
,activity,,low,2018-12-17T06:47:27Z,SMB_SCANNER_LOW,,2018-12-17T06:47:27Z,"{u'datacenter': u'', u'tor': False, u'rdns_parent': u'', u'link': u'Ethernet or modem', u'org': u'PT TELKOM INDONESIA', u'os': u'Windows 7/8', u'asn': u'AS17974', u'rdns': u''}",,,,,,,
,worm,,low,2018-12-13T07:49:43Z,LOOKS_LIKE_ETERNALBLUE,malicious,2018-12-11T02:50:43Z,"{u'datacenter': u'', u'tor': False, u'rdns_parent': u'', u'link': u'Ethernet or modem', u'org': u'PT TELKOM INDONESIA', u'os': u'Windows 7/8', u'asn': u'AS17974', u'rdns': u''}",,,,,,,
,worm,,high,2018-12-11T06:25:14Z,EQUATIONGROUP_ETERNAL_MS17_010,malicious,2018-12-11T02:55:13Z,"{u'datacenter': u'', u'tor': False, u'rdns_parent': u'', u'link': u'Ethernet or modem', u'org': u'PT TELKOM INDONESIA', u'os': u'Windows 7/8', u'asn': u'AS17974', u'rdns': u''}",,,,,,,
,worm,,high,2018-12-11T06:25:01Z,ETERNAL_MS17_010,malicious,2018-12-11T02:54:59Z,"{u'datacenter': u'', u'tor': False, u'rdns_parent': u'', u'link': u'Ethernet or modem', u'org': u'PT TELKOM INDONESIA', u'os': u'Windows 7/8', u'asn': u'AS17974', u'rdns': u''}",,,,,,,
,activity,,low,2018-12-11T02:55:03Z,SMB_SCANNER_LOW,,2018-12-11T02:50:43Z,"{u'datacenter': u'', u'tor': False, u'rdns_parent': u'', u'link': u'Ethernet or modem', u'org': u'PT TELKOM INDONESIA', u'os': u'Windows 7/8', u'asn': u'AS17974', u'rdns': u''}",,,,,,,
,worm,,low,2018-12-07T06:30:43Z,LOOKS_LIKE_ETERNALBLUE,malicious,2018-12-04T01:21:20Z,"{u'datacenter': u'', u'tor': False, u'rdns_parent': u'', u'link': u'Ethernet or modem', u'org': u'PT TELKOM INDONESIA', u'os': u'Windows 7/8', u'asn': u'AS17974', u'rdns': u''}",,,,,,,
,worm,,high,2018-12-06T06:12:39Z,EQUATIONGROUP_ETERNAL_MS17_010,malicious,2018-12-06T06:12:39Z,"{u'datacenter': u'', u'tor': False, u'rdns_parent': u'', u'link': u'Ethernet or modem', u'org': u'PT TELKOM INDONESIA', u'os': u'Windows 7/8', u'asn': u'AS17974', u'rdns': u''}",,,,,,,
,worm,,high,2018-12-06T06:12:25Z,ETERNAL_MS17_010,malicious,2018-12-06T06:12:25Z,"{u'datacenter': u'', u'tor': False, u'rdns_parent': u'', u'link': u'Ethernet or modem', u'org': u'PT TELKOM INDONESIA', u'os': u'Windows 7/8', u'asn': u'AS17974', u'rdns': u''}",,,,,,,
,activity,,low,2018-12-04T09:16:13Z,SMB_SCANNER_LOW,,2018-12-04T01:21:20Z,"{u'datacenter': u'', u'tor': False, u'rdns_parent': u'', u'link': u'Ethernet or modem', u'org': u'PT TELKOM INDONESIA', u'os': u'Windows 7/8', u'asn': u'AS17974', u'rdns': u''}",,,,,,,
,worm,,low,2018-11-28T08:38:03Z,LOOKS_LIKE_ETERNALBLUE,malicious,2018-11-27T07:32:33Z,"{u'datacenter': u'', u'tor': False, u'rdns_parent': u'', u'link': u'Ethernet or modem', u'org': u'PT TELKOM INDONESIA', u'os': u'Windows 7/8', u'asn': u'AS17974', u'rdns': u''}",,,,,,,
,activity,,low,2018-11-27T07:32:33Z,SMB_SCANNER_LOW,,2018-11-27T07:32:33Z,"{u'datacenter': u'', u'tor': False, u'rdns_parent': u'', u'link': u'Ethernet or modem', u'org': u'PT TELKOM INDONESIA', u'os': u'Windows 7/8', u'asn': u'AS17974', u'rdns': u''}",,,,,,,
,activity,,low,2018-11-21T07:29:34Z,SMB_SCANNER_LOW,,2018-11-21T07:29:34Z,"{u'datacenter': u'', u'tor': False, u'rdns_parent': u'', u'link': u'Ethernet or modem', u'org': u'PT TELKOM INDONESIA', u'os': u'Windows 7/8', u'asn': u'AS17974', u'rdns': u''}",,,,,,,
,activity,,low,2018-11-15T08:59:16Z,SMB_SCANNER_LOW,,2018-11-12T05:05:33Z,"{u'datacenter': u'', u'tor': False, u'rdns_parent': u'', u'link': u'Ethernet or modem', u'org': u'PT TELKOM INDONESIA', u'os': u'Windows 7/8', u'asn': u'AS17974', u'rdns': u''}",,,,,,,
,activity,,low,2018-11-08T01:31:13Z,SMB_SCANNER_LOW,,2018-11-08T01:31:13Z,"{u'datacenter': u'', u'tor': False, u'rdns_parent': u'', u'link': u'Ethernet or modem', u'org': u'PT TELKOM INDONESIA', u'os': u'Windows 7/8', u'asn': u'AS17974', u'rdns': u''}",,,,,,,
,activity,,low,2018-11-01T07:15:57Z,SMB_SCANNER_LOW,,2018-11-01T07:15:57Z,"{u'datacenter': u'', u'tor': False, u'rdns_parent': u'', u'link': u'Ethernet or modem', u'org': u'PT TELKOM INDONESIA', u'os': u'Windows 7/8', u'asn': u'AS17974', u'rdns': u''}",,,,,,,
,activity,,low,2018-10-29T05:03:15Z,SMB_SCANNER_LOW,,2018-10-29T05:03:15Z,"{u'datacenter': u'', u'tor': False, u'rdns_parent': u'', u'link': u'Ethernet or modem', u'org': u'PT TELKOM INDONESIA', u'os': u'Windows 7/8', u'asn': u'AS17974', u'rdns': u''}",,,,,,,
,activity,,low,2018-10-22T02:46:55Z,SMB_SCANNER_LOW,,2018-10-22T02:46:55Z,"{u'datacenter': u'', u'tor': False, u'rdns_parent': u'', u'link': u'Ethernet or modem', u'org': u'PT TELKOM INDONESIA', u'os': u'Windows 7/8', u'asn': u'AS17974', u'rdns': u''}",,,,,,,
,activity,,low,2018-10-12T09:08:05Z,SMB_SCANNER_LOW,,2018-10-08T07:36:29Z,"{u'datacenter': u'', u'tor': False, u'rdns_parent': u'', u'link': u'Ethernet or modem', u'org': u'PT TELKOM INDONESIA', u'os': u'Windows 7/8', u'asn': u'AS17974', u'rdns': u''}",,,,,,,
,activity,,low,2018-10-05T03:10:52Z,SMB_SCANNER_LOW,,2018-10-05T03:10:52Z,"{u'datacenter': u'', u'tor': False, u'rdns_parent': u'', u'link': u'Ethernet or modem', u'org': u'PT TELKOM INDONESIA', u'os': u'Windows 7/8', u'asn': u'AS17974', u'rdns': u''}",,,,,,,
,activity,,low,2018-10-02T02:29:10Z,SMB_SCANNER_LOW,,2018-10-02T02:29:10Z,"{u'datacenter': u'', u'tor': False, u'rdns_parent': u'', u'link': u'Ethernet or modem', u'org': u'PT TELKOM INDONESIA', u'os': u'Windows 7/8', u'asn': u'AS17974', u'rdns': u''}",,,,,,,
,activity,,low,2018-09-25T05:58:42Z,SMB_SCANNER_LOW,,2018-09-25T05:58:42Z,"{u'datacenter': u'', u'tor': False, u'rdns_parent': u'', u'link': u'Ethernet or modem', u'org': u'PT TELKOM INDONESIA', u'os': u'Windows 7/8', u'asn': u'AS17974', u'rdns': u''}",,,,,,,
,activity,,low,2018-09-19T05:48:18Z,SMB_SCANNER_LOW,,2018-09-19T05:48:18Z,"{u'datacenter': u'', u'tor': False, u'rdns_parent': u'', u'link': u'Ethernet or modem', u'org': u'PT TELKOM INDONESIA', u'os': u'Windows 7/8', u'asn': u'AS17974', u'rdns': u''}",,,,,,,
,activity,,low,2018-09-10T06:54:44Z,SMB_SCANNER_LOW,,2018-09-04T08:44:22Z,"{u'datacenter': u'', u'tor': False, u'rdns_parent': u'', u'link': u'Ethernet or modem', u'org': u'PT TELKOM INDONESIA', u'os': u'Windows 7/8', u'asn': u'AS17974', u'rdns': u''}",,,,,,,
,activity,,low,2018-08-30T06:33:13Z,SMB_SCANNER_LOW,,2018-08-30T06:33:00Z,"{u'datacenter': u'', u'tor': False, u'rdns_parent': u'', u'link': u'', u'org': u'PT TELKOM INDONESIA', u'os': u'', u'asn': u'AS17974', u'rdns': u''}",,,,,,,
,activity,,low,2019-06-18T04:29:18Z,SMB_SCANNER_LOW,,2019-05-20T08:16:00Z,"{u'datacenter': u'', u'tor': False, u'rdns_parent': u'', u'link': u'Ethernet or modem', u'org': u'PT TELKOM INDONESIA', u'os': u'Windows 7/8', u'asn': u'AS17974', u'rdns': u''}",,,,,,,
,worm,,high,2019-05-23T02:12:13Z,EQUATIONGROUP_ETERNAL_MS17_010,malicious,2019-05-13T01:39:29Z,"{u'datacenter': u'', u'tor': False, u'rdns_parent': u'', u'link': u'Ethernet or modem', u'org': u'PT TELKOM INDONESIA', u'os': u'Windows 7/8', u'asn': u'AS17974', u'rdns': u''}",,,,,,,
,worm,,low,2019-05-23T02:12:03Z,SMB_SCANNER_HIGH,,2019-04-22T07:39:37Z,"{u'datacenter': u'', u'tor': False, u'rdns_parent': u'', u'link': u'Ethernet or modem', u'org': u'PT TELKOM INDONESIA', u'os': u'Windows 7/8', u'asn': u'AS17974', u'rdns': u''}",,,,,,,
,worm,,high,2019-05-23T02:12:00Z,ETERNAL_MS17_010,malicious,2019-05-13T01:39:16Z,"{u'datacenter': u'', u'tor': False, u'rdns_parent': u'', u'link': u'Ethernet or modem', u'org': u'PT TELKOM INDONESIA', u'os': u'Windows 7/8', u'asn': u'AS17974', u'rdns': u''}",,,,,,,
,activity,,high,2019-05-23T02:07:44Z,SMB_SCANNER_HIGH,,2019-04-22T07:39:37Z,"{u'datacenter': u'', u'tor': False, u'rdns_parent': u'', u'link': u'Ethernet or modem', u'org': u'PT TELKOM INDONESIA', u'os': u'Windows 7/8', u'asn': u'AS17974', u'rdns': u''}",,,,,,,
,worm,,high,2019-05-21T00:58:34Z,EQUATIONGROUP_ETERNAL_MS17_010,malicious,2019-05-13T01:39:29Z,"{u'datacenter': u'', u'tor': False, u'rdns_parent': u'', u'link': u'Ethernet or modem', u'org': u'PT TELKOM INDONESIA', u'os': u'Windows 7/8', u'asn': u'AS17974', u'rdns': u''}",,,,,,,
,worm,,low,2019-05-21T00:58:24Z,SMB_SCANNER_HIGH,,2019-04-22T07:39:37Z,"{u'datacenter': u'', u'tor': False, u'rdns_parent': u'', u'link': u'Ethernet or modem', u'org': u'PT TELKOM INDONESIA', u'os': u'Windows 7/8', u'asn': u'AS17974', u'rdns': u''}",,,,,,,
,worm,,high,2019-05-21T00:58:21Z,ETERNAL_MS17_010,malicious,2019-05-13T01:39:16Z,"{u'datacenter': u'', u'tor': False, u'rdns_parent': u'', u'link': u'Ethernet or modem', u'org': u'PT TELKOM INDONESIA', u'os': u'Windows 7/8', u'asn': u'AS17974', u'rdns': u''}",,,,,,,
,activity,,low,2019-05-20T08:16:09Z,SMB_SCANNER_LOW,,2019-05-20T08:16:00Z,"{u'datacenter': u'', u'tor': False, u'rdns_parent': u'', u'link': u'Ethernet or modem', u'org': u'PT TELKOM INDONESIA', u'os': u'Windows 7/8', u'asn': u'AS17974', u'rdns': u''}",,,,,,,
,worm,,high,2019-05-15T02:30:34Z,EQUATIONGROUP_ETERNAL_MS17_010,malicious,2019-05-13T01:39:29Z,"{u'datacenter': u'', u'tor': False, u'rdns_parent': u'', u'link': u'Ethernet or modem', u'org': u'PT TELKOM INDONESIA', u'os': u'Windows 7/8', u'asn': u'AS17974', u'rdns': u''}",,,,,,,
,worm,,low,2019-05-15T02:30:24Z,SMB_SCANNER_HIGH,,2019-04-22T07:39:37Z,"{u'datacenter': u'', u'tor': False, u'rdns_parent': u'', u'link': u'Ethernet or modem', u'org': u'PT TELKOM INDONESIA', u'os': u'Windows 7/8', u'asn': u'AS17974', u'rdns': u''}",,,,,,,
,worm,,high,2019-05-15T02:30:21Z,ETERNAL_MS17_010,malicious,2019-05-13T01:39:16Z,"{u'datacenter': u'', u'tor': False, u'rdns_parent': u'', u'link': u'Ethernet or modem', u'org': u'PT TELKOM INDONESIA', u'os': u'Windows 7/8', u'asn': u'AS17974', u'rdns': u''}",,,,,,,
,worm,,high,2019-05-15T02:14:03Z,EQUATIONGROUP_ETERNAL_MS17_010,malicious,2019-05-13T01:39:29Z,"{u'datacenter': u'', u'tor': False, u'rdns_parent': u'', u'link': u'Ethernet or modem', u'org': u'PT TELKOM INDONESIA', u'os': u'Windows 7/8', u'asn': u'AS17974', u'rdns': u''}",,,,,,,
,worm,,low,2019-05-15T02:13:53Z,SMB_SCANNER_HIGH,,2019-04-22T07:39:37Z,"{u'datacenter': u'', u'tor': False, u'rdns_parent': u'', u'link': u'Ethernet or modem', u'org': u'PT TELKOM INDONESIA', u'os': u'Windows 7/8', u'asn': u'AS17974', u'rdns': u''}",,,,,,,
,worm,,high,2019-05-15T02:13:50Z,ETERNAL_MS17_010,malicious,2019-05-13T01:39:16Z,"{u'datacenter': u'', u'tor': False, u'rdns_parent': u'', u'link': u'Ethernet or modem', u'org': u'PT TELKOM INDONESIA', u'os': u'Windows 7/8', u'asn': u'AS17974', u'rdns': u''}",,,,,,,
,worm,,high,2019-05-13T05:09:33Z,EQUATIONGROUP_ETERNAL_MS17_010,malicious,2019-05-13T01:39:29Z,"{u'datacenter': u'', u'tor': False, u'rdns_parent': u'', u'link': u'Ethernet or modem', u'org': u'PT TELKOM INDONESIA', u'os': u'Windows 7/8', u'asn': u'AS17974', u'rdns': u''}",,,,,,,
,worm,,low,2019-05-13T05:09:23Z,SMB_SCANNER_HIGH,,2019-04-22T07:39:37Z,"{u'datacenter': u'', u'tor': False, u'rdns_parent': u'', u'link': u'Ethernet or modem', u'org': u'PT TELKOM INDONESIA', u'os': u'Windows 7/8', u'asn': u'AS17974', u'rdns': u''}",,,,,,,
,worm,,high,2019-05-13T05:09:19Z,ETERNAL_MS17_010,malicious,2019-05-13T01:39:16Z,"{u'datacenter': u'', u'tor': False, u'rdns_parent': u'', u'link': u'Ethernet or modem', u'org': u'PT TELKOM INDONESIA', u'os': u'Windows 7/8', u'asn': u'AS17974', u'rdns': u''}",,,,,,,
,worm,,high,2019-05-13T01:39:29Z,EQUATIONGROUP_ETERNAL_MS17_010,malicious,2019-05-13T01:39:29Z,"{u'datacenter': u'', u'tor': False, u'rdns_parent': u'', u'link': u'Ethernet or modem', u'org': u'PT TELKOM INDONESIA', u'os': u'Windows 7/8', u'asn': u'AS17974', u'rdns': u''}",,,,,,,
,activity,,low,2019-05-13T01:39:19Z,SMB_SCANNER_LOW,,2019-05-13T01:39:06Z,"{u'datacenter': u'', u'tor': False, u'rdns_parent': u'', u'link': u'Ethernet or modem', u'org': u'PT TELKOM INDONESIA', u'os': u'Windows 7/8', u'asn': u'AS17974', u'rdns': u''}",,,,,,,
,worm,,high,2019-05-13T01:39:16Z,ETERNAL_MS17_010,malicious,2019-05-13T01:39:16Z,"{u'datacenter': u'', u'tor': False, u'rdns_parent': u'', u'link': u'Ethernet or modem', u'org': u'PT TELKOM INDONESIA', u'os': u'Windows 7/8', u'asn': u'AS17974', u'rdns': u''}",,,,,,,
,activity,,low,2019-05-08T04:16:47Z,SMB_SCANNER_LOW,,2019-05-08T04:16:47Z,"{u'datacenter': u'', u'tor': False, u'rdns_parent': u'', u'link': u'Ethernet or modem', u'org': u'PT TELKOM INDONESIA', u'os': u'Windows 7/8', u'asn': u'AS17974', u'rdns': u''}",,,,,,,
,worm,,high,2019-04-29T03:01:47Z,EQUATIONGROUP_ETERNAL_MS17_010,malicious,2019-04-29T03:01:47Z,"{u'datacenter': u'', u'tor': False, u'rdns_parent': u'', u'link': u'Ethernet or modem', u'org': u'PT TELKOM INDONESIA', u'os': u'Windows 7/8', u'asn': u'AS17974', u'rdns': u''}",,,,,,,
,activity,,low,2019-04-29T03:01:37Z,SMB_SCANNER_LOW,,2019-04-29T02:57:15Z,"{u'datacenter': u'', u'tor': False, u'rdns_parent': u'', u'link': u'Ethernet or modem', u'org': u'PT TELKOM INDONESIA', u'os': u'Windows 7/8', u'asn': u'AS17974', u'rdns': u''}",,,,,,,
,worm,,high,2019-04-29T03:01:34Z,ETERNAL_MS17_010,malicious,2019-04-29T03:01:34Z,"{u'datacenter': u'', u'tor': False, u'rdns_parent': u'', u'link': u'Ethernet or modem', u'org': u'PT TELKOM INDONESIA', u'os': u'Windows 7/8', u'asn': u'AS17974', u'rdns': u''}",,,,,,,
,activity,,high,2019-04-23T02:45:07Z,SMB_SCANNER_HIGH,,2019-04-22T07:39:37Z,"{u'datacenter': u'', u'tor': False, u'rdns_parent': u'', u'link': u'Ethernet or modem', u'org': u'PT TELKOM INDONESIA', u'os': u'Windows 7/8', u'asn': u'AS17974', u'rdns': u''}",,,,,,,
,worm,,high,2019-04-22T07:56:47Z,EQUATIONGROUP_ETERNAL_MS17_010,malicious,2019-04-22T07:40:01Z,"{u'datacenter': u'', u'tor': False, u'rdns_parent': u'', u'link': u'Ethernet or modem', u'org': u'PT TELKOM INDONESIA', u'os': u'Windows 7/8', u'asn': u'AS17974', u'rdns': u''}",,,,,,,
,worm,,low,2019-04-22T07:56:37Z,SMB_SCANNER_HIGH,,2019-04-22T07:39:37Z,"{u'datacenter': u'', u'tor': False, u'rdns_parent': u'', u'link': u'Ethernet or modem', u'org': u'PT TELKOM INDONESIA', u'os': u'Windows 7/8', u'asn': u'AS17974', u'rdns': u''}",,,,,,,
,worm,,high,2019-04-22T07:56:34Z,ETERNAL_MS17_010,malicious,2019-04-22T07:39:48Z,"{u'datacenter': u'', u'tor': False, u'rdns_parent': u'', u'link': u'Ethernet or modem', u'org': u'PT TELKOM INDONESIA', u'os': u'Windows 7/8', u'asn': u'AS17974', u'rdns': u''}",,,,,,,
,activity,,low,2019-04-14T08:36:00Z,SMB_SCANNER_LOW,,2019-04-14T08:36:00Z,"{u'datacenter': u'', u'tor': False, u'rdns_parent': u'', u'link': u'Ethernet or modem', u'org': u'PT TELKOM INDONESIA', u'os': u'Windows 7/8', u'asn': u'AS17974', u'rdns': u''}",,,,,,,
,worm,,high,2019-04-09T04:19:03Z,EQUATIONGROUP_ETERNAL_MS17_010,malicious,2019-04-09T04:19:03Z,"{u'datacenter': u'', u'tor': False, u'rdns_parent': u'', u'link': u'Ethernet or modem', u'org': u'PT TELKOM INDONESIA', u'os': u'Windows 7/8', u'asn': u'AS17974', u'rdns': u''}",,,,,,,
,activity,,low,2019-04-09T04:18:53Z,SMB_SCANNER_LOW,,2019-04-09T04:18:39Z,"{u'datacenter': u'', u'tor': False, u'rdns_parent': u'', u'link': u'Ethernet or modem', u'org': u'PT TELKOM INDONESIA', u'os': u'Windows 7/8', u'asn': u'AS17974', u'rdns': u''}",,,,,,,
,worm,,high,2019-04-09T04:18:50Z,ETERNAL_MS17_010,malicious,2019-04-09T04:18:50Z,"{u'datacenter': u'', u'tor': False, u'rdns_parent': u'', u'link': u'Ethernet or modem', u'org': u'PT TELKOM INDONESIA', u'os': u'Windows 7/8', u'asn': u'AS17974', u'rdns': u''}",,,,,,,
,worm,,low,2019-04-02T04:52:41Z,SMB_SCANNER_HIGH,,2019-04-02T00:45:23Z,"{u'datacenter': u'', u'tor': False, u'rdns_parent': u'', u'link': u'Ethernet or modem', u'org': u'PT TELKOM INDONESIA', u'os': u'Windows 7/8', u'asn': u'AS17974', u'rdns': u''}",,,,,,,
,worm,,high,2019-04-02T00:56:49Z,EQUATIONGROUP_ETERNAL_MS17_010,malicious,2019-04-02T00:56:49Z,"{u'datacenter': u'', u'tor': False, u'rdns_parent': u'', u'link': u'Ethernet or modem', u'org': u'PT TELKOM INDONESIA', u'os': u'Windows 7/8', u'asn': u'AS17974', u'rdns': u''}",,,,,,,
,activity,,low,2019-04-02T00:56:39Z,SMB_SCANNER_LOW,,2019-04-02T00:45:23Z,"{u'datacenter': u'', u'tor': False, u'rdns_parent': u'', u'link': u'Ethernet or modem', u'org': u'PT TELKOM INDONESIA', u'os': u'Windows 7/8', u'asn': u'AS17974', u'rdns': u''}",,,,,,,
,worm,,high,2019-04-02T00:56:36Z,ETERNAL_MS17_010,malicious,2019-04-02T00:56:36Z,"{u'datacenter': u'', u'tor': False, u'rdns_parent': u'', u'link': u'Ethernet or modem', u'org': u'PT TELKOM INDONESIA', u'os': u'Windows 7/8', u'asn': u'AS17974', u'rdns': u''}",,,,,,,
,activity,,low,2019-04-02T00:45:23Z,SMB_SCANNER_LOW,,2019-04-02T00:45:23Z,"{u'datacenter': u'', u'tor': False, u'rdns_parent': u'', u'link': u'Ethernet or modem', u'org': u'PT TELKOM INDONESIA', u'os': u'Windows 7/8', u'asn': u'AS17974', u'rdns': u''}",,,,,,,
,activity,,low,2019-03-25T07:28:48Z,SMB_SCANNER_LOW,,2019-03-25T07:28:48Z,"{u'datacenter': u'', u'tor': False, u'rdns_parent': u'', u'link': u'Ethernet or modem', u'org': u'PT TELKOM INDONESIA', u'os': u'Windows 7/8', u'asn': u'AS17974', u'rdns': u''}",,,,,,,
,worm,,high,2019-03-19T01:44:00Z,EQUATIONGROUP_ETERNAL_MS17_010,malicious,2019-03-18T07:47:04Z,"{u'datacenter': u'', u'tor': False, u'rdns_parent': u'', u'link': u'Ethernet or modem', u'org': u'PT TELKOM INDONESIA', u'os': u'Windows 7/8', u'asn': u'AS17974', u'rdns': u''}",,,,,,,
,worm,,low,2019-03-19T01:43:49Z,SMB_SCANNER_HIGH,,2019-03-18T01:36:53Z,"{u'datacenter': u'', u'tor': False, u'rdns_parent': u'', u'link': u'Ethernet or modem', u'org': u'PT TELKOM INDONESIA', u'os': u'Windows 7/8', u'asn': u'AS17974', u'rdns': u''}",,,,,,,
,worm,,high,2019-03-19T01:43:46Z,ETERNAL_MS17_010,malicious,2019-03-18T07:46:50Z,"{u'datacenter': u'', u'tor': False, u'rdns_parent': u'', u'link': u'Ethernet or modem', u'org': u'PT TELKOM INDONESIA', u'os': u'Windows 7/8', u'asn': u'AS17974', u'rdns': u''}",,,,,,,
,worm,,high,2019-03-18T07:47:04Z,EQUATIONGROUP_ETERNAL_MS17_010,malicious,2019-03-18T07:47:04Z,"{u'datacenter': u'', u'tor': False, u'rdns_parent': u'', u'link': u'Ethernet or modem', u'org': u'PT TELKOM INDONESIA', u'os': u'Windows 7/8', u'asn': u'AS17974', u'rdns': u''}",,,,,,,
,worm,,low,2019-03-18T07:46:53Z,SMB_SCANNER_HIGH,,2019-03-18T01:36:53Z,"{u'datacenter': u'', u'tor': False, u'rdns_parent': u'', u'link': u'Ethernet or modem', u'org': u'PT TELKOM INDONESIA', u'os': u'Windows 7/8', u'asn': u'AS17974', u'rdns': u''}",,,,,,,
,worm,,high,2019-03-18T07:46:50Z,ETERNAL_MS17_010,malicious,2019-03-18T07:46:50Z,"{u'datacenter': u'', u'tor': False, u'rdns_parent': u'', u'link': u'Ethernet or modem', u'org': u'PT TELKOM INDONESIA', u'os': u'Windows 7/8', u'asn': u'AS17974', u'rdns': u''}",,,,,,,
,activity,,low,2019-03-18T01:36:53Z,SMB_SCANNER_LOW,,2019-03-18T01:36:53Z,"{u'datacenter': u'', u'tor': False, u'rdns_parent': u'', u'link': u'Ethernet or modem', u'org': u'PT TELKOM INDONESIA', u'os': u'Windows 7/8', u'asn': u'AS17974', u'rdns': u''}",,,,,,,
,worm,,high,2019-02-25T04:31:59Z,EQUATIONGROUP_ETERNAL_MS17_010,malicious,2019-02-25T04:17:58Z,"{u'datacenter': u'', u'tor': False, u'rdns_parent': u'', u'link': u'Ethernet or modem', u'org': u'PT TELKOM INDONESIA', u'os': u'Windows 7/8', u'asn': u'AS17974', u'rdns': u''}",,,,,,,
,activity,,low,2019-02-25T04:31:48Z,SMB_SCANNER_LOW,,2019-02-25T04:14:26Z,"{u'datacenter': u'', u'tor': False, u'rdns_parent': u'', u'link': u'Ethernet or modem', u'org': u'PT TELKOM INDONESIA', u'os': u'Windows 7/8', u'asn': u'AS17974', u'rdns': u''}",,,,,,,
,worm,,high,2019-02-25T04:31:45Z,ETERNAL_MS17_010,malicious,2019-02-25T04:17:45Z,"{u'datacenter': u'', u'tor': False, u'rdns_parent': u'', u'link': u'Ethernet or modem', u'org': u'PT TELKOM INDONESIA', u'os': u'Windows 7/8', u'asn': u'AS17974', u'rdns': u''}",,,,,,,
,activity,,low,2019-02-21T01:27:32Z,SMB_SCANNER_LOW,,2019-02-21T01:27:32Z,"{u'datacenter': u'', u'tor': False, u'rdns_parent': u'', u'link': u'Ethernet or modem', u'org': u'PT TELKOM INDONESIA', u'os': u'Windows 7/8', u'asn': u'AS17974', u'rdns': u''}",,,,,,,
,activity,,low,2019-02-12T01:41:23Z,SMB_SCANNER_LOW,,2019-02-12T01:41:23Z,"{u'datacenter': u'', u'tor': False, u'rdns_parent': u'', u'link': u'Ethernet or modem', u'org': u'PT TELKOM INDONESIA', u'os': u'Windows 7/8', u'asn': u'AS17974', u'rdns': u''}",,,,,,,
,activity,,high,2019-02-06T05:32:00Z,SMB_SCANNER_HIGH,,2018-08-26T18:03:03Z,"{u'datacenter': u'', u'tor': False, u'rdns_parent': u'', u'link': u'Ethernet or modem', u'org': u'PT TELKOM INDONESIA', u'os': u'Windows 7/8', u'asn': u'AS17974', u'rdns': u''}",,,,,,,
,worm,,high,2019-02-04T06:39:57Z,EQUATIONGROUP_ETERNAL_MS17_010,malicious,2019-02-04T06:39:57Z,"{u'datacenter': u'', u'tor': False, u'rdns_parent': u'', u'link': u'Ethernet or modem', u'org': u'PT TELKOM INDONESIA', u'os': u'Windows 7/8', u'asn': u'AS17974', u'rdns': u''}",,,,,,,
,worm,,high,2019-02-04T06:39:44Z,ETERNAL_MS17_010,malicious,2019-02-04T06:39:44Z,"{u'datacenter': u'', u'tor': False, u'rdns_parent': u'', u'link': u'Ethernet or modem', u'org': u'PT TELKOM INDONESIA', u'os': u'Windows 7/8', u'asn': u'AS17974', u'rdns': u''}",,,,,,,
,activity,,low,2019-01-31T05:55:05Z,SMB_SCANNER_LOW,,2019-01-29T01:57:23Z,"{u'datacenter': u'', u'tor': False, u'rdns_parent': u'', u'link': u'Ethernet or modem', u'org': u'PT TELKOM INDONESIA', u'os': u'Windows 7/8', u'asn': u'AS17974', u'rdns': u''}",,,,,,,
,worm,,low,2019-01-29T04:56:14Z,LOOKS_LIKE_ETERNALBLUE,malicious,2019-01-29T01:57:23Z,"{u'datacenter': u'', u'tor': False, u'rdns_parent': u'', u'link': u'Ethernet or modem', u'org': u'PT TELKOM INDONESIA', u'os': u'Windows 7/8', u'asn': u'AS17974', u'rdns': u''}",,,,,,,
,worm,,high,2019-01-29T01:57:47Z,EQUATIONGROUP_ETERNAL_MS17_010,malicious,2019-01-29T01:57:47Z,"{u'datacenter': u'', u'tor': False, u'rdns_parent': u'', u'link': u'Ethernet or modem', u'org': u'PT TELKOM INDONESIA', u'os': u'Windows 7/8', u'asn': u'AS17974', u'rdns': u''}",,,,,,,
,worm,,high,2019-01-29T01:57:34Z,ETERNAL_MS17_010,malicious,2019-01-29T01:57:34Z,"{u'datacenter': u'', u'tor': False, u'rdns_parent': u'', u'link': u'Ethernet or modem', u'org': u'PT TELKOM INDONESIA', u'os': u'Windows 7/8', u'asn': u'AS17974', u'rdns': u''}",,,,,,,
,activity,,low,2019-01-16T23:48:26Z,SMB_SCANNER_LOW,,2019-01-16T23:48:26Z,"{u'datacenter': u'', u'tor': False, u'rdns_parent': u'', u'link': u'Ethernet or modem', u'org': u'PT TELKOM INDONESIA', u'os': u'Windows 7/8', u'asn': u'AS17974', u'rdns': u''}",,,,,,,
,worm,,high,2019-01-02T06:10:29Z,EQUATIONGROUP_ETERNAL_MS17_010,malicious,2019-01-02T06:10:29Z,"{u'datacenter': u'', u'tor': False, u'rdns_parent': u'', u'link': u'Ethernet or modem', u'org': u'PT TELKOM INDONESIA', u'os': u'Windows 7/8', u'asn': u'AS17974', u'rdns': u''}",,,,,,,
,activity,,low,2019-01-02T06:10:19Z,SMB_SCANNER_LOW,,2019-01-02T06:08:54Z,"{u'datacenter': u'', u'tor': False, u'rdns_parent': u'', u'link': u'Ethernet or modem', u'org': u'PT TELKOM INDONESIA', u'os': u'Windows 7/8', u'asn': u'AS17974', u'rdns': u''}",,,,,,,
,worm,,high,2019-01-02T06:10:16Z,ETERNAL_MS17_010,malicious,2019-01-02T06:10:16Z,"{u'datacenter': u'', u'tor': False, u'rdns_parent': u'', u'link': u'Ethernet or modem', u'org': u'PT TELKOM INDONESIA', u'os': u'Windows 7/8', u'asn': u'AS17974', u'rdns': u''}",,,,,,,
,worm,,low,2018-12-06T07:01:17Z,LOOKS_LIKE_ETERNALBLUE,malicious,2018-12-06T05:21:02Z,"{u'datacenter': u'', u'tor': False, u'rdns_parent': u'', u'link': u'Ethernet or modem', u'org': u'PT TELKOM INDONESIA', u'os': u'Windows 7/8', u'asn': u'AS17974', u'rdns': u''}",,,,,,,
,activity,,low,2018-12-06T05:21:02Z,SMB_SCANNER_LOW,,2018-12-06T05:21:02Z,"{u'datacenter': u'', u'tor': False, u'rdns_parent': u'', u'link': u'Ethernet or modem', u'org': u'PT TELKOM INDONESIA', u'os': u'Windows 7/8', u'asn': u'AS17974', u'rdns': u''}",,,,,,,
,worm,,low,2018-11-29T23:59:32Z,LOOKS_LIKE_ETERNALBLUE,malicious,2018-11-29T00:24:41Z,"{u'datacenter': u'', u'tor': False, u'rdns_parent': u'', u'link': u'Ethernet or modem', u'org': u'PT TELKOM INDONESIA', u'os': u'Windows 7/8', u'asn': u'AS17974', u'rdns': u''}",,,,,,,
,activity,,low,2018-11-29T00:24:41Z,SMB_SCANNER_LOW,,2018-11-29T00:24:41Z,"{u'datacenter': u'', u'tor': False, u'rdns_parent': u'', u'link': u'Ethernet or modem', u'org': u'PT TELKOM INDONESIA', u'os': u'Windows 7/8', u'asn': u'AS17974', u'rdns': u''}",,,,,,,
,activity,,low,2018-11-14T01:40:09Z,SMB_SCANNER_LOW,,2018-11-14T01:40:09Z,"{u'datacenter': u'', u'tor': False, u'rdns_parent': u'', u'link': u'Ethernet or modem', u'org': u'PT TELKOM INDONESIA', u'os': u'Windows 7/8', u'asn': u'AS17974', u'rdns': u''}",,,,,,,
,activity,,low,2018-11-07T00:56:30Z,SMB_SCANNER_LOW,,2018-11-07T00:56:30Z,"{u'datacenter': u'', u'tor': False, u'rdns_parent': u'', u'link': u'Ethernet or modem', u'org': u'PT TELKOM INDONESIA', u'os': u'Windows 7/8', u'asn': u'AS17974', u'rdns': u''}",,,,,,,
,activity,,low,2018-10-29T04:54:40Z,SMB_SCANNER_LOW,,2018-10-29T04:54:40Z,"{u'datacenter': u'', u'tor': False, u'rdns_parent': u'', u'link': u'Ethernet or modem', u'org': u'PT TELKOM INDONESIA', u'os': u'Windows 7/8', u'asn': u'AS17974', u'rdns': u''}",,,,,,,
,activity,,low,2018-10-23T05:03:20Z,SMB_SCANNER_LOW,,2018-10-23T05:03:20Z,"{u'datacenter': u'', u'tor': False, u'rdns_parent': u'', u'link': u'Ethernet or modem', u'org': u'PT TELKOM INDONESIA', u'os': u'Windows 7/8', u'asn': u'AS17974', u'rdns': u''}",,,,,,,
,activity,,low,2018-10-12T02:00:42Z,SMB_SCANNER_LOW,,2018-10-12T02:00:42Z,"{u'datacenter': u'', u'tor': False, u'rdns_parent': u'', u'link': u'Ethernet or modem', u'org': u'PT TELKOM INDONESIA', u'os': u'Windows 7/8', u'asn': u'AS17974', u'rdns': u''}",,,,,,,
,activity,,low,2018-10-03T07:48:09Z,SMB_SCANNER_LOW,,2018-10-03T07:48:09Z,"{u'datacenter': u'', u'tor': False, u'rdns_parent': u'', u'link': u'Ethernet or modem', u'org': u'PT TELKOM INDONESIA', u'os': u'Windows 7/8', u'asn': u'AS17974', u'rdns': u''}",,,,,,,
,activity,,low,2018-09-18T04:23:22Z,SMB_SCANNER_LOW,,2018-09-18T04:23:22Z,"{u'datacenter': u'', u'tor': False, u'rdns_parent': u'', u'link': u'Ethernet or modem', u'org': u'PT TELKOM INDONESIA', u'os': u'Windows 7/8', u'asn': u'AS17974', u'rdns': u''}",,,,,,,
,activity,,low,2018-09-12T07:52:37Z,SMB_SCANNER_LOW,,2018-09-12T07:52:37Z,"{u'datacenter': u'', u'tor': False, u'rdns_parent': u'', u'link': u'Ethernet or modem', u'org': u'PT TELKOM INDONESIA', u'os': u'Windows 7/8', u'asn': u'AS17974', u'rdns': u''}",,,,,,,
,activity,,low,2018-09-03T12:42:53Z,SMB_SCANNER_LOW,,2018-09-03T12:42:53Z,"{u'datacenter': u'', u'tor': False, u'rdns_parent': u'', u'link': u'Ethernet or modem', u'org': u'PT TELKOM INDONESIA', u'os': u'Windows 7/8', u'asn': u'AS17974', u'rdns': u''}",,,,,,,
,activity,,low,2018-08-13T03:05:57Z,SMB_SCANNER_LOW,,2018-08-13T03:05:57Z,"{u'datacenter': u'', u'tor': False, u'rdns_parent': u'', u'link': u'Ethernet or modem', u'org': u'PT TELKOM INDONESIA', u'os': u'Windows 7/8', u'asn': u'AS17974', u'rdns': u''}",,,,,,,
,activity,,low,2018-08-07T02:02:06Z,SMB_SCANNER_LOW,,2018-08-07T02:02:06Z,"{u'datacenter': u'', u'tor': False, u'rdns_parent': u'', u'link': u'Ethernet or modem', u'org': u'PT TELKOM INDONESIA', u'os': u'Windows 7/8', u'asn': u'AS17974', u'rdns': u''}",,,,,,,
,activity,,low,2018-08-03T07:28:37Z,SMB_SCANNER_LOW,,2018-07-30T03:11:16Z,"{u'datacenter': u'', u'tor': False, u'rdns_parent': u'', u'link': u'Ethernet or modem', u'org': u'PT TELKOM INDONESIA', u'os': u'Windows 7/8', u'asn': u'AS17974', u'rdns': u''}",,,,,,,
,activity,,low,2018-06-08T03:27:10Z,SMB_SCANNER_LOW,,2018-04-29T15:57:53Z,"{u'datacenter': u'', u'tor': False, u'rdns_parent': u'', u'link': u'Ethernet or modem', u'org': u'PT TELKOM INDONESIA', u'os': u'Windows 7/8', u'asn': u'AS17974', u'rdns': u''}",,,,,,,
,activity,,low,2018-05-09T23:07:43.159Z,SMB_SCANNER_LOW,,2018-04-29T15:57:53.259Z,"{u'datacenter': u'', u'tor': False, u'rdns_parent': u'', u'link': u'Ethernet or modem', u'org': u'PT TELKOM INDONESIA', u'os': u'Windows 7/8', u'asn': u'AS17974', u'rdns': u''}",,,,,,,
,activity,,low,2018-04-22T20:32:27.095Z,SMB_SCANNER_LOW,,2018-04-17T05:16:18.913Z,"{u'datacenter': u'', u'tor': False, u'rdns_parent': u'', u'link': u'Ethernet or modem', u'org': u'PT Telekomunikasi Indonesia', u'os': u'Windows 7/8', u'asn': u'AS17974', u'rdns': u''}",,,,,,,
,activity,,low,2018-04-10T16:32:30.783Z,SMB_SCANNER_LOW,,2018-02-19T08:33:13.278Z,"{u'datacenter': u'', u'tor': False, u'rdns_parent': u'', u'link': u'Ethernet or modem', u'org': u'PT Telekomunikasi Indonesia', u'os': u'Windows 7/8', u'asn': u'AS17974', u'rdns': u''}",,,,,,,
